County,FIPS,2023 Rural-Urban Continuum Codes([rural urban note]),"Age-Adjusted Incidence Rate([rate note]) - cases per 100,000",Lower 95% Confidence Interval,Upper 95% Confidence Interval,CI*Rank([rank note]),Lower CI (CI*Rank),Upper CI (CI*Rank),Average Annual Count,Recent Trend,Recent 5-Year Trend ([trend note]) in Incidence Rates,Lower 95% Confidence Interval,Upper 95% Confidence Interval
"Marin County, California(7)",06041,Urban,57.1 ,1.9, 3.3,N/A , N/A , N/A,221,rising,2.6 ,1.9, 3.3
"San Luis Obispo County, California(7)",06079,Urban,55.1 ,1.4, 5.0,N/A , N/A , N/A,210,rising,3.1 ,1.4, 5.0
"Santa Cruz County, California(7)",06087,Urban,46.3 ,3.3, 6.2,N/A , N/A , N/A,151,rising,4.6 ,3.3, 6.2
"Sonoma County, California(7)",06097,Urban,42.2 ,-9.2, 3.1,N/A , N/A , N/A,283,stable,-1.1 ,-9.2, 3.1
"Placer County, California(7)",06061,Urban,40.4 ,1.1, 3.1,N/A , N/A , N/A,216,rising,2.0 ,1.1, 3.1
"El Dorado County, California(7)",06017,Urban,36.8 ,0.5, 3.9,N/A , N/A , N/A,106,rising,2.0 ,0.5, 3.9
"Butte County, California(7)",06007,Urban,36.2 ,2.8, 6.1,N/A , N/A , N/A,97,rising,4.3 ,2.8, 6.1
"Shasta County, California(7)",06089,Urban,33.8 ,-10.9, 0.2,N/A , N/A , N/A,83,stable,-3.4 ,-10.9, 0.2
"Humboldt County, California(7)",06023,Rural,33.6 ,2.1, 4.8,N/A , N/A , N/A,56,rising,3.3 ,2.1, 4.8
"Mono County, California(7)",06051,Rural,33.2 ,-1.9, 7.2,N/A , N/A , N/A,6,stable,2.3 ,-1.9, 7.2
"Amador County, California(7)",06005,Rural,31.5 ,-22.1, 2.9,N/A , N/A , N/A,21,stable,-9.6 ,-22.1, 2.9
"Glenn County, California(7)",06021,Rural,31.3 ,1.5, 10.1,N/A , N/A , N/A,10,rising,5.1 ,1.5, 10.1
"Napa County, California(7)",06055,Urban,30.9 ,-3.3, 2.6,N/A , N/A , N/A,59,stable,0.6 ,-3.3, 2.6
"Tuolumne County, California(7)",06109,Rural,30.4 ,-21.8, 1.6,N/A , N/A , N/A,25,stable,-4.9 ,-21.8, 1.6
"San Diego County, California(7)",06073,Urban,30.3 ,-0.2, 1.1,N/A , N/A , N/A,1104,stable,0.4 ,-0.2, 1.1
"Contra Costa County, California(7)",06013,Urban,30.1 ,-4.7, 2.1,N/A , N/A , N/A,420,stable,-0.3 ,-4.7, 2.1
"Orange County, California(7)",06059,Urban,29.9 ,-0.1, 1.3,N/A , N/A , N/A,1102,stable,0.5 ,-0.1, 1.3
"Modoc County, California(7)",06049,Rural,29.9 ,-6.0, 6.2,N/A , N/A , N/A,3,stable,0.1 ,-6.0, 6.2
"Mendocino County, California(7)",06045,Rural,28.1 ,-0.6, 2.6,N/A , N/A , N/A,37,stable,1.0 ,-0.6, 2.6
"Ventura County, California(7)",06111,Urban,27.3 ,6.2, 15.6,N/A , N/A , N/A,276,rising,10.6 ,6.2, 15.6
"San Mateo County, California(7)",06081,Urban,27.1 ,1.8, 3.2,N/A , N/A , N/A,254,rising,2.4 ,1.8, 3.2
"Santa Barbara County, California(7)",06083,Urban,26.8 ,-8.9, -1.1,N/A , N/A , N/A,135,falling,-3.1 ,-8.9, -1.1
"Inyo County, California(7)",06027,Rural,26.7 ,-0.9, 8.1,N/A , N/A , N/A,8,stable,3.0 ,-0.9, 8.1
"Mariposa County, California(7)",06043,Rural,26.7 ,-0.9, 4.5,N/A , N/A , N/A,9,stable,1.6 ,-0.9, 4.5
"Monterey County, California(7)",06053,Urban,26.6 ,-8.8, 3.3,N/A , N/A , N/A,122,stable,-2.7 ,-8.8, 3.3
"Tehama County, California(7)",06103,Rural,26.2 ,-36.6, 3.0,N/A , N/A , N/A,23,stable,-17.0 ,-36.6, 3.0
"Plumas County, California(7)",06063,Rural,25.4 ,-0.2, 6.5,N/A , N/A , N/A,10,stable,2.9 ,-0.2, 6.5
"Calaveras County, California(7)",06009,Rural,25.3 ,-22.3, 0.8,N/A , N/A , N/A,21,stable,-6.9 ,-22.3, 0.8
"Riverside County, California(7)",06065,Urban,25 ,0.3, 2.1,N/A , N/A , N/A,667,rising,1.1 ,0.3, 2.1
"San Benito County, California(7)",06069,Urban,24.3 ,0.4, 4.0,N/A , N/A , N/A,16,rising,2.0 ,0.4, 4.0
"Madera County, California(7)",06039,Urban,24 ,0.6, 4.1,N/A , N/A , N/A,40,rising,2.2 ,0.6, 4.1
"Yolo County, California(7)",06113,Urban,23.8 ,-0.6, 2.8,N/A , N/A , N/A,49,stable,1.0 ,-0.6, 2.8
"Trinity County, California(7)",06105,Rural,23.7 ,-1.2, 8.0,N/A , N/A , N/A,5,stable,3.0 ,-1.2, 8.0
"Sacramento County, California(7)",06067,Urban,22.8 ,0.5, 2.1,N/A , N/A , N/A,393,rising,1.2 ,0.5, 2.1
"Santa Clara County, California(7)",06085,Urban,22.8 ,-4.7, 2.5,N/A , N/A , N/A,485,stable,0.2 ,-4.7, 2.5
"Del Norte County, California(7)",06015,Rural,21.4 ,-2.0, 4.8,N/A , N/A , N/A,8,stable,1.1 ,-2.0, 4.8
"Stanislaus County, California(7)",06099,Urban,21.3 ,0.7, 2.8,N/A , N/A , N/A,119,rising,1.7 ,0.7, 2.8
"San Francisco County, California(7)",06075,Urban,20.5 ,-0.3, 3.0,N/A , N/A , N/A,212,stable,1.9 ,-0.3, 3.0
"Solano County, California(7)",06095,Urban,20.4 ,-7.1, 2.6,N/A , N/A , N/A,111,stable,0.2 ,-7.1, 2.6
"Yuba County, California(7)",06115,Urban,20.2 ,-23.6, 2.1,N/A , N/A , N/A,16,stable,-6.9 ,-23.6, 2.1
"Lake County, California(7)",06033,Rural,20 ,-16.4, -1.2,N/A , N/A , N/A,21,falling,-4.9 ,-16.4, -1.2
"Alameda County, California(7)",06001,Urban,19.5 ,2.0, 6.6,N/A , N/A , N/A,366,rising,2.9 ,2.0, 6.6
"Siskiyou County, California(7)",06093,Rural,19.2 ,-4.9, 0.1,N/A , N/A , N/A,14,stable,-2.3 ,-4.9, 0.1
"Kern County, California(7)",06029,Urban,18.6 ,-0.7, 10.4,N/A , N/A , N/A,152,stable,2.6 ,-0.7, 10.4
"Fresno County, California(7)",06019,Urban,18.4 ,1.6, 3.6,N/A , N/A , N/A,178,rising,2.5 ,1.6, 3.6
"San Joaquin County, California(7)",06077,Urban,17.7 ,1.5, 3.7,N/A , N/A , N/A,140,rising,2.5 ,1.5, 3.7
"Sutter County, California(7)",06101,Urban,17.4 ,-2.5, 2.6,N/A , N/A , N/A,19,stable,-0.1 ,-2.5, 2.6
"San Bernardino County, California(7)",06071,Urban,17 ,-0.6, 0.8,N/A , N/A , N/A,355,stable,0.1 ,-0.6, 0.8
"Lassen County, California(7)",06035,Rural,15.3 ,-0.9, 5.1,N/A , N/A , N/A,6,stable,1.9 ,-0.9, 5.1
"Merced County, California(7)",06047,Urban,14.2 ,-0.1, 2.9,N/A , N/A , N/A,36,stable,1.3 ,-0.1, 2.9
"Tulare County, California(7)",06107,Urban,13.8 ,-0.8, 1.9,N/A , N/A , N/A,58,stable,0.5 ,-0.8, 1.9
"Los Angeles County, California(7)",06037,Urban,12.7 ,-0.9, -0.2,N/A , N/A , N/A,1397,falling,-0.6 ,-0.9, -0.2
"Kings County, California(7)",06031,Urban,11.1 ,-2.5, 3.4,N/A , N/A , N/A,15,stable,0.3 ,-2.5, 3.4
"Imperial County, California(7)",06025,Urban,5.8 ,-5.4, -0.4,N/A , N/A , N/A,11,falling,-2.9 ,-5.4, -0.4
"Alpine County, California(7)",06003,Rural,* ,*,*,* , * , *,3 or fewer,*,*,*,*
"Colusa County, California(7)",06011,Rural,* ,*,*,* , * , *,3 or fewer,*,*,*,*
"Sierra County, California(7)",06091,Rural,* ,*,*,* , * , *,3 or fewer,*,*,*,*
"Clackamas County, Oregon(6)",41005,Urban,30.7 ,-15.0, -0.1,N/A , N/A , N/A,162,falling,-4.5 ,-15.0, -0.1
"Columbia County, Oregon(6)",41009,Urban,30.2 ,-0.1, 4.6,N/A , N/A , N/A,22,stable,2.0 ,-0.1, 4.6
"Douglas County, Oregon(6)",41019,Rural,29 ,-3.6, -0.8,N/A , N/A , N/A,47,falling,-2.2 ,-3.6, -0.8
"Deschutes County, Oregon(6)",41017,Urban,28.6 ,-24.8, -3.5,N/A , N/A , N/A,75,falling,-11.7 ,-24.8, -3.5
"Multnomah County, Oregon(6)",41051,Urban,27.4 ,-12.0, 0.6,N/A , N/A , N/A,243,stable,-3.8 ,-12.0, 0.6
"Polk County, Oregon(6)",41053,Urban,26.7 ,-2.9, 2.7,N/A , N/A , N/A,28,stable,-0.2 ,-2.9, 2.7
"Yamhill County, Oregon(6)",41071,Urban,25.5 ,-0.6, 4.0,N/A , N/A , N/A,34,stable,1.5 ,-0.6, 4.0
"Clatsop County, Oregon(6)",41007,Rural,25.4 ,-30.5, 0.8,N/A , N/A , N/A,15,stable,-16.5 ,-30.5, 0.8
"Tillamook County, Oregon(6)",41057,Rural,24 ,-4.3, 5.2,N/A , N/A , N/A,11,stable,0.2 ,-4.3, 5.2
"Wasco County, Oregon(6)",41065,Rural,23.5 ,-4.9, 3.2,N/A , N/A , N/A,9,stable,-1.0 ,-4.9, 3.2
"Klamath County, Oregon(6)",41035,Rural,23.4 ,-33.0, -7.4,N/A , N/A , N/A,21,falling,-17.5 ,-33.0, -7.4
"Josephine County, Oregon(6)",41033,Urban,23.1 ,-3.7, 1.7,N/A , N/A , N/A,32,stable,-1.0 ,-3.7, 1.7
"Marion County, Oregon(6)",41047,Urban,22.9 ,-1.8, 1.6,N/A , N/A , N/A,91,stable,-0.2 ,-1.8, 1.6
"Crook County, Oregon(6)",41013,Urban,21.1 ,-6.7, 5.8,N/A , N/A , N/A,8,stable,-0.6 ,-6.7, 5.8
"Curry County, Oregon(6)",41015,Rural,18.4 ,-5.4, 6.4,N/A , N/A , N/A,7,stable,0.0 ,-5.4, 6.4
"Linn County, Oregon(6)",41043,Urban,17.9 ,-3.3, 1.3,N/A , N/A , N/A,28,stable,-1.0 ,-3.3, 1.3
"Hood River County, Oregon(6)",41027,Rural,17.9 ,-5.9, 2.5,N/A , N/A , N/A,5,stable,-1.8 ,-5.9, 2.5
"Jackson County, Oregon(6)",41029,Urban,17.4 ,-6.1, -1.7,N/A , N/A , N/A,55,falling,-3.8 ,-6.1, -1.7
"Union County, Oregon(6)",41061,Rural,16.1 ,-5.8, 4.3,N/A , N/A , N/A,6,stable,-0.9 ,-5.8, 4.3
"Lane County, Oregon(6)",41039,Urban,14.9 ,-4.6, 0.2,N/A , N/A , N/A,76,stable,-2.2 ,-4.6, 0.2
"Baker County, Oregon(6)",41001,Rural,14.6 ,-7.2, 5.4,N/A , N/A , N/A,4,stable,-1.0 ,-7.2, 5.4
"Benton County, Oregon(6)",41003,Urban,14.2 ,-34.1, -8.8,N/A , N/A , N/A,15,falling,-16.5 ,-34.1, -8.8
"Lincoln County, Oregon(6)",41041,Rural,13.8 ,-37.4, -2.4,N/A , N/A , N/A,12,falling,-8.7 ,-37.4, -2.4
"Jefferson County, Oregon(6)",41031,Urban,12.6 ,-53.1, -1.9,N/A , N/A , N/A,4,falling,-15.1 ,-53.1, -1.9
"Malheur County, Oregon(6)",41045,Rural,11.1 ,*,*,N/A , N/A , N/A,4,*,*,*,*
"Coos County, Oregon(6)",41011,Rural,10.6 ,-7.6, -1.4,N/A , N/A , N/A,13,falling,-4.4 ,-7.6, -1.4
"Umatilla County, Oregon(6)",41059,Rural,8.3 ,-51.7, -10.4,N/A , N/A , N/A,8,falling,-28.3 ,-51.7, -10.4
"Gilliam County, Oregon(6)",41021,Rural,* ,*,*,* , * , *,3 or fewer,*,*,*,*
"Grant County, Oregon(6)",41023,Rural,* ,*,*,* , * , *,3 or fewer,*,*,*,*
"Harney County, Oregon(6)",41025,Rural,* ,*,*,* , * , *,3 or fewer,*,*,*,*
"Lake County, Oregon(6)",41037,Rural,* ,*,*,* , * , *,3 or fewer,*,*,*,*
"Morrow County, Oregon(6)",41049,Rural,* ,*,*,* , * , *,3 or fewer,*,*,*,*
"Sherman County, Oregon(6)",41055,Rural,* ,*,*,* , * , *,3 or fewer,*,*,*,*
"Wallowa County, Oregon(6)",41063,Rural,* ,*,*,* , * , *,3 or fewer,*,*,*,*
"Wheeler County, Oregon(6)",41069,Rural,* ,*,*,* , * , *,3 or fewer,*,*,*,*
"Chelan County, Washington(6)",53007,Urban,36.4 ,2.0, 5.7,N/A , N/A , N/A,38,rising,3.6 ,2.0, 5.7
"Jefferson County, Washington(7)",53031,Rural,35.1 ,0.2, 3.6,N/A , N/A , N/A,24,rising,1.7 ,0.2, 3.6
"Island County, Washington(7)",53029,Rural,34.8 ,-6.6, 0.4,N/A , N/A , N/A,44,stable,-1.4 ,-6.6, 0.4
"Clallam County, Washington(7)",53009,Rural,34.5 ,0.9, 3.7,N/A , N/A , N/A,47,rising,2.1 ,0.9, 3.7
"Washington County, Maine(6)",23029,Rural,33.7 ,2.6, 12.5,N/A , N/A , N/A,16,rising,6.7 ,2.6, 12.5
"Mason County, Washington(7)",53045,Rural,33.4 ,0.9, 3.0,N/A , N/A , N/A,32,rising,1.8 ,0.9, 3.0
"San Juan County, Washington(7)",53055,Rural,33.3 ,-3.1, 2.0,N/A , N/A , N/A,11,stable,-0.8 ,-3.1, 2.0
"Kitsap County, Washington(7)",53035,Urban,33.1 ,-17.3, 0.0,N/A , N/A , N/A,114,stable,-7.5 ,-17.3, 0.0
"Asotin County, Washington(6)",53003,Urban,31.6 ,-0.7, 9.4,N/A , N/A , N/A,11,stable,3.5 ,-0.7, 9.4
"Washington County, Rhode Island(6)",44009,Urban,31.4 ,-2.5, 0.8,N/A , N/A , N/A,56,stable,-0.9 ,-2.5, 0.8
"Snohomish County, Washington(7)",53061,Urban,31.4 ,-7.4, 0.8,N/A , N/A , N/A,282,stable,-2.1 ,-7.4, 0.8
"Skagit County, Washington(7)",53057,Urban,30.1 ,-6.9, 1.3,N/A , N/A , N/A,52,stable,-0.5 ,-6.9, 1.3
"Thurston County, Washington(7)",53067,Urban,30 ,-8.4, 2.8,N/A , N/A , N/A,106,stable,0.6 ,-8.4, 2.8
"Washington County, Maryland(6)",24043,Urban,29.1 ,2.6, 12.2,N/A , N/A , N/A,56,rising,5.4 ,2.6, 12.2
"King County, Washington(7)",53033,Urban,28.6 ,-1.3, 0.9,N/A , N/A , N/A,688,stable,0.1 ,-1.3, 0.9
"Washington County, Oregon(6)",41067,Urban,28.2 ,-12.9, 0.3,N/A , N/A , N/A,180,stable,-4.5 ,-12.9, 0.3
"Pierce County, Washington(7)",53053,Urban,27.7 ,1.7, 3.0,N/A , N/A , N/A,273,rising,2.2 ,1.7, 3.0
"Washington County, Florida(6)",12133,Urban,26.7 ,-0.4, 10.3,N/A , N/A , N/A,8,stable,4.2 ,-0.4, 10.3
"Whatcom County, Washington(7)",53073,Urban,25.7 ,-0.8, 15.8,N/A , N/A , N/A,71,stable,8.1 ,-0.8, 15.8
"Douglas County, Washington(6)",53017,Urban,24.3 ,-0.8, 4.4,N/A , N/A , N/A,13,stable,1.5 ,-0.8, 4.4
"Grays Harbor County, Washington(7)",53027,Rural,24.2 ,2.1, 15.5,N/A , N/A , N/A,25,rising,4.9 ,2.1, 15.5
"Lewis County, Washington(6)",53041,Rural,23.5 ,-2.0, 3.5,N/A , N/A , N/A,25,stable,0.7 ,-2.0, 3.5
"Okanogan County, Washington(6)",53047,Rural,22.7 ,-2.5, 5.5,N/A , N/A , N/A,13,stable,1.2 ,-2.5, 5.5
"Cowlitz County, Washington(6)",53015,Urban,22.2 ,-1.9, 4.5,N/A , N/A , N/A,31,stable,1.0 ,-1.9, 4.5
"Kittitas County, Washington(6)",53037,Rural,22.1 ,-2.6, 7.1,N/A , N/A , N/A,11,stable,1.6 ,-2.6, 7.1
"Clark County, Washington(6)",53011,Urban,22 ,-3.2, -1.0,N/A , N/A , N/A,127,falling,-2.1 ,-3.2, -1.0
"Washington County, New York(7)",36115,Urban,19.7 ,-33.0, 1.2,N/A , N/A , N/A,17,stable,-9.7 ,-33.0, 1.2
"Klickitat County, Washington(6)",53039,Rural,18.4 ,-3.2, 7.3,N/A , N/A , N/A,6,stable,1.5 ,-3.2, 7.3
"Skamania County, Washington(6)",53059,Urban,17.9 ,*,*,N/A , N/A , N/A,3,*,*,*,*
"Pacific County, Washington(6)",53049,Rural,16.4 ,*,*,N/A , N/A , N/A,7,*,*,*,*
"Benton County, Washington(6)",53005,Urban,16.4 ,-2.4, 1.6,N/A , N/A , N/A,38,stable,-0.5 ,-2.4, 1.6
"Yakima County, Washington(6)",53077,Urban,16.3 ,-1.9, 1.6,N/A , N/A , N/A,43,stable,-0.2 ,-1.9, 1.6
"Walla Walla County, Washington(6)",53071,Urban,15.3 ,-13.6, -3.0,N/A , N/A , N/A,12,falling,-6.4 ,-13.6, -3.0
"Washington County, Virginia(6)",51191,Urban,14.4 ,-6.0, 1.0,N/A , N/A , N/A,11,stable,-2.4 ,-6.0, 1.0
"Grant County, Washington(6)",53025,Rural,13.9 ,-2.0, 4.2,N/A , N/A , N/A,14,stable,0.9 ,-2.0, 4.2
"Spokane County, Washington(6)",53063,Urban,11.7 ,-2.8, 23.3,N/A , N/A , N/A,73,stable,10.6 ,-2.8, 23.3
"Stevens County, Washington(6)",53065,Urban,10.8 ,-8.4, 2.6,N/A , N/A , N/A,7,stable,-2.8 ,-8.4, 2.6
"Franklin County, Washington(6)",53021,Urban,10.6 ,-3.9, 3.4,N/A , N/A , N/A,9,stable,-0.6 ,-3.9, 3.4
"Adams County, Washington(6)",53001,Rural,* ,*,*,* , * , *,3 or fewer,*,*,*,*
"Columbia County, Washington(6)",53013,Rural,* ,*,*,* , * , *,3 or fewer,*,*,*,*
"Ferry County, Washington(6)",53019,Rural,* ,*,*,* , * , *,3 or fewer,*,*,*,*
"Garfield County, Washington(6)",53023,Rural,* ,*,*,* , * , *,3 or fewer,*,*,*,*
"Lincoln County, Washington(6)",53043,Rural,* ,*,*,* , * , *,3 or fewer,*,*,*,*
"Pend Oreille County, Washington(6)",53051,Rural,* ,*,*,* , * , *,3 or fewer,*,*,*,*
"Wahkiakum County, Washington(6)",53069,Rural,* ,*,*,* , * , *,3 or fewer,*,*,*,*
"Washington County, Georgia(7)",13303,Rural,* ,*,*,* , * , *,3 or fewer,*,*,*,*
"Washington County, North Carolina(6)",37187,Rural,* ,*,*,* , * , *,3 or fewer,*,*,*,*
"Whitman County, Washington(6)",53075,Rural,* ,*,*,* , * , *,3 or fewer,*,*,*,*
"Tolland County, Connecticut(7)",09013,Urban,23.6 ,-1.4, 1.4,N/A , N/A , N/A,42,stable,-0.1 ,-1.4, 1.4
"Middlesex County, Connecticut(7)",09007,Urban,23 ,-8.6, -0.9,N/A , N/A , N/A,52,falling,-3.4 ,-8.6, -0.9
"Litchfield County, Connecticut(7)",09005,Rural,19.5 ,-9.3, -1.2,N/A , N/A , N/A,52,falling,-3.6 ,-9.3, -1.2
"Fairfield County, Connecticut(7)",09001,Urban,19.2 ,-3.4, 1.1,N/A , N/A , N/A,228,stable,-1.7 ,-3.4, 1.1
"Windham County, Connecticut(7)",09015,Urban,18.8 ,-0.2, 2.1,N/A , N/A , N/A,27,stable,0.9 ,-0.2, 2.1
"Hartford County, Connecticut(7)",09003,Urban,18.3 ,-4.3, -1.5,N/A , N/A , N/A,207,falling,-2.6 ,-4.3, -1.5
"New Haven County, Connecticut(7)",09009,Urban,17.4 ,-0.8, 1.4,N/A , N/A , N/A,192,stable,0.0 ,-0.8, 1.4
"New London County, Connecticut(7)",09011,Urban,14.5 ,-7.2, -2.6,N/A , N/A , N/A,52,falling,-4.1 ,-7.2, -2.6
"Sussex County, Delaware(6)",10005,Rural,32.2 ,-14.6, -1.8,N/A , N/A , N/A,130,falling,-6.2 ,-14.6, -1.8
"Delaware County, New York(7)",36025,Rural,26 ,0.8, 6.0,N/A , N/A , N/A,17,rising,3.2 ,0.8, 6.0
"Kent County, Delaware(6)",10001,Urban,25.5 ,-15.7, 1.3,N/A , N/A , N/A,54,stable,-7.5 ,-15.7, 1.3
"New Castle County, Delaware(6)",10003,Urban,22.9 ,-12.8, 0.6,N/A , N/A , N/A,158,stable,-1.0 ,-12.8, 0.6
"Union County, Florida(6)",12125,Rural,48.2 ,*,*,N/A , N/A , N/A,9,*,*,*,*
"St. Johns County, Florida(6)",12109,Urban,46.8 ,-6.7, 3.8,N/A , N/A , N/A,171,stable,-1.5 ,-6.7, 3.8
"Indian River County, Florida(6)",12061,Urban,46.1 ,3.4, 5.7,N/A , N/A , N/A,141,rising,4.4 ,3.4, 5.7
"Nassau County, Florida(6)",12089,Urban,42.2 ,2.3, 6.6,N/A , N/A , N/A,56,rising,4.1 ,2.3, 6.6
"Martin County, Florida(6)",12085,Urban,39.5 ,-11.4, 3.7,N/A , N/A , N/A,119,stable,-3.4 ,-11.4, 3.7
"Manatee County, Florida(6)",12081,Urban,38.6 ,4.0, 7.6,N/A , N/A , N/A,257,rising,5.5 ,4.0, 7.6
"Sarasota County, Florida(6)",12115,Urban,37.6 ,-12.9, 2.7,N/A , N/A , N/A,335,stable,-1.7 ,-12.9, 2.7
"Charlotte County, Florida(6)",12015,Urban,36.8 ,2.8, 8.3,N/A , N/A , N/A,152,rising,5.1 ,2.8, 8.3
"Lee County, Florida(6)",12071,Urban,35.9 ,3.1, 9.0,N/A , N/A , N/A,476,rising,4.6 ,3.1, 9.0
"Flagler County, Florida(6)",12035,Urban,34.6 ,2.7, 7.4,N/A , N/A , N/A,73,rising,4.8 ,2.7, 7.4
"Collier County, Florida(6)",12021,Urban,34.6 ,1.5, 3.6,N/A , N/A , N/A,256,rising,2.5 ,1.5, 3.6
"Clay County, Florida(6)",12019,Urban,33.1 ,2.6, 6.6,N/A , N/A , N/A,88,rising,4.3 ,2.6, 6.6
"Pasco County, Florida(6)",12101,Urban,33.1 ,-9.2, 1.8,N/A , N/A , N/A,260,stable,-3.9 ,-9.2, 1.8
"Volusia County, Florida(6)",12127,Urban,32.8 ,3.4, 6.2,N/A , N/A , N/A,286,rising,4.6 ,3.4, 6.2
"Polk County, Florida(6)",12105,Urban,32.7 ,0.9, 2.8,N/A , N/A , N/A,306,rising,1.8 ,0.9, 2.8
"Brevard County, Florida(6)",12009,Urban,32.7 ,-7.2, 2.0,N/A , N/A , N/A,310,stable,-0.9 ,-7.2, 2.0
"Santa Rosa County, Florida(6)",12113,Urban,31.9 ,-17.8, -3.0,N/A , N/A , N/A,71,falling,-7.7 ,-17.8, -3.0
"Hernando County, Florida(6)",12053,Urban,31.7 ,1.4, 3.6,N/A , N/A , N/A,101,rising,2.5 ,1.4, 3.6
"Citrus County, Florida(6)",12017,Urban,31.6 ,2.1, 7.5,N/A , N/A , N/A,96,rising,4.6 ,2.1, 7.5
"Pinellas County, Florida(6)",12103,Urban,31.5 ,-8.0, 1.0,N/A , N/A , N/A,479,stable,-3.9 ,-8.0, 1.0
"Bay County, Florida(6)",12005,Urban,31.2 ,-1.0, 4.4,N/A , N/A , N/A,72,stable,1.6 ,-1.0, 4.4
"Escambia County, Florida(6)",12033,Urban,30.5 ,-10.9, -1.5,N/A , N/A , N/A,117,falling,-5.4 ,-10.9, -1.5
"Monroe County, Florida(6)",12087,Rural,30 ,-0.5, 3.5,N/A , N/A , N/A,38,stable,1.3 ,-0.5, 3.5
"Highlands County, Florida(6)",12055,Urban,29.8 ,-1.7, 1.8,N/A , N/A , N/A,59,stable,0.2 ,-1.7, 1.8
"Wakulla County, Florida(6)",12129,Urban,28.8 ,*,*,N/A , N/A , N/A,11,*,*,*,*
"St. Lucie County, Florida(6)",12111,Urban,27.9 ,0.0, 3.4,N/A , N/A , N/A,145,stable,1.6 ,0.0, 3.4
"Gulf County, Florida(6)",12045,Rural,26.9 ,*,*,N/A , N/A , N/A,6,*,*,*,*
"Okeechobee County, Florida(6)",12093,Rural,26.5 ,-4.8, 5.6,N/A , N/A , N/A,15,stable,0.2 ,-4.8, 5.6
"Sumter County, Florida(6)",12119,Urban,26.5 ,-1.4, 3.3,N/A , N/A , N/A,102,stable,0.8 ,-1.4, 3.3
"Hillsborough County, Florida(6)",12057,Urban,26.1 ,1.6, 3.2,N/A , N/A , N/A,423,rising,2.3 ,1.6, 3.2
"Duval County, Florida(6)",12031,Urban,25.8 ,-8.3, 3.3,N/A , N/A , N/A,286,stable,-2.4 ,-8.3, 3.3
"Glades County, Florida(6)",12043,Rural,25.8 ,-2.3, 49.1,N/A , N/A , N/A,6,stable,15.9 ,-2.3, 49.1
"Palm Beach County, Florida(6)",12099,Urban,25.7 ,-10.9, -4.4,N/A , N/A , N/A,604,falling,-6.9 ,-10.9, -4.4
"Okaloosa County, Florida(6)",12091,Urban,25.6 ,-14.3, -0.1,N/A , N/A , N/A,64,falling,-4.8 ,-14.3, -0.1
"Marion County, Florida(6)",12083,Urban,25.6 ,0.5, 2.9,N/A , N/A , N/A,163,rising,1.6 ,0.5, 2.9
"Baker County, Florida(6)",12003,Urban,25.5 ,-2.8, 8.5,N/A , N/A , N/A,8,stable,2.2 ,-2.8, 8.5
"Walton County, Florida(6)",12131,Urban,25.4 ,-1.7, 6.1,N/A , N/A , N/A,26,stable,1.7 ,-1.7, 6.1
"DeSoto County, Florida(6)",12027,Rural,25.4 ,-0.4, 7.5,N/A , N/A , N/A,14,stable,3.1 ,-0.4, 7.5
"Seminole County, Florida(6)",12117,Urban,24.9 ,0.7, 2.8,N/A , N/A , N/A,140,rising,1.7 ,0.7, 2.8
"Franklin County, Florida(6)",12037,Rural,24.8 ,*,*,N/A , N/A , N/A,6,*,*,*,*
"Hardee County, Florida(6)",12049,Rural,24.8 ,-3.6, 7.9,N/A , N/A , N/A,7,stable,1.9 ,-3.6, 7.9
"Gilchrist County, Florida(6)",12041,Urban,24.8 ,-1.3, 6.4,N/A , N/A , N/A,6,stable,2.1 ,-1.3, 6.4
"Lake County, Florida(6)",12069,Urban,23.3 ,-1.9, 1.3,N/A , N/A , N/A,143,stable,-0.4 ,-1.9, 1.3
"Levy County, Florida(6)",12075,Urban,22.3 ,-0.3, 6.4,N/A , N/A , N/A,15,stable,2.8 ,-0.3, 6.4
"Calhoun County, Florida(6)",12013,Rural,21.6 ,*,*,N/A , N/A , N/A,4,*,*,*,*
"Putnam County, Florida(6)",12107,Rural,21.6 ,-13.5, 2.8,N/A , N/A , N/A,24,stable,0.2 ,-13.5, 2.8
"Alachua County, Florida(6)",12001,Urban,21 ,-13.1, -1.1,N/A , N/A , N/A,59,falling,-4.9 ,-13.1, -1.1
"Broward County, Florida(6)",12011,Urban,19.5 ,-0.3, 1.5,N/A , N/A , N/A,483,stable,0.6 ,-0.3, 1.5
"Leon County, Florida(6)",12073,Urban,19.1 ,-4.0, 0.7,N/A , N/A , N/A,56,stable,-1.7 ,-4.0, 0.7
"Jefferson County, Florida(6)",12065,Urban,19 ,-25.0, 65.7,N/A , N/A , N/A,4,stable,14.8 ,-25.0, 65.7
"Bradford County, Florida(6)",12007,Rural,19 ,-2.2, 9.1,N/A , N/A , N/A,7,stable,2.8 ,-2.2, 9.1
"Holmes County, Florida(6)",12059,Rural,17.9 ,-1.1, 12.7,N/A , N/A , N/A,4,stable,4.6 ,-1.1, 12.7
"Columbia County, Florida(6)",12023,Rural,17.7 ,-3.9, 3.4,N/A , N/A , N/A,16,stable,-0.4 ,-3.9, 3.4
"Suwannee County, Florida(6)",12121,Rural,17.3 ,-3.1, 6.3,N/A , N/A , N/A,10,stable,1.3 ,-3.1, 6.3
"Taylor County, Florida(6)",12123,Rural,16.6 ,-5.3, 2.8,N/A , N/A , N/A,5,stable,-1.4 ,-5.3, 2.8
"Hendry County, Florida(6)",12051,Rural,16.5 ,-4.1, 7.7,N/A , N/A , N/A,7,stable,1.5 ,-4.1, 7.7
"Orange County, Florida(6)",12095,Urban,16.4 ,-7.9, -0.5,N/A , N/A , N/A,234,falling,-2.6 ,-7.9, -0.5
"Dixie County, Florida(6)",12029,Rural,16.2 ,*,*,N/A , N/A , N/A,4,*,*,*,*
"Gadsden County, Florida(6)",12039,Urban,15 ,-5.0, 6.6,N/A , N/A , N/A,9,stable,0.5 ,-5.0, 6.6
"Osceola County, Florida(6)",12097,Urban,14.7 ,-2.1, 0.9,N/A , N/A , N/A,58,stable,-0.7 ,-2.1, 0.9
"Jackson County, Florida(6)",12063,Rural,11.1 ,-5.2, 2.7,N/A , N/A , N/A,7,stable,-1.2 ,-5.2, 2.7
"Miami-Dade County, Florida(6)",12086,Urban,8.6 ,-7.5, -2.0,N/A , N/A , N/A,283,falling,-4.2 ,-7.5, -2.0
"Hamilton County, Florida(6)",12047,Rural,* ,*,*,* , * , *,3 or fewer,*,*,*,*
"Lafayette County, Florida(6)",12067,Rural,* ,*,*,* , * , *,3 or fewer,*,*,*,*
"Liberty County, Florida(6)",12077,Rural,* ,*,*,* , * , *,3 or fewer,*,*,*,*
"Madison County, Florida(6)",12079,Rural,* ,*,*,* , * , *,3 or fewer,*,*,*,*
"White County, Georgia(7)",13311,Rural,58.6 ,*,*,N/A , N/A , N/A,22,*,*,*,*
"Pickens County, Georgia(7)",13227,Urban,56.1 ,1.9, 9.0,N/A , N/A , N/A,26,rising,4.7 ,1.9, 9.0
"Dawson County, Georgia(7)",13085,Urban,53.2 ,0.6, 8.5,N/A , N/A , N/A,19,rising,3.8 ,0.6, 8.5
"Forsyth County, Georgia(7)",13117,Urban,48 ,-12.7, -2.3,N/A , N/A , N/A,123,falling,-6.3 ,-12.7, -2.3
"Lumpkin County, Georgia(7)",13187,Urban,47.4 ,-24.5, 2.5,N/A , N/A , N/A,18,stable,-8.3 ,-24.5, 2.5
"Habersham County, Georgia(7)",13137,Rural,46 ,1.7, 6.3,N/A , N/A , N/A,26,rising,3.7 ,1.7, 6.3
"Hall County, Georgia(7)",13139,Urban,45 ,1.7, 4.1,N/A , N/A , N/A,103,rising,2.8 ,1.7, 4.1
"Towns County, Georgia(7)",13281,Rural,44.3 ,-1.2, 5.4,N/A , N/A , N/A,10,stable,1.8 ,-1.2, 5.4
"Pike County, Georgia(7)",13231,Urban,42.7 ,3.3, 13.2,N/A , N/A , N/A,9,rising,7.1 ,3.3, 13.2
"Cherokee County, Georgia(7)",13057,Urban,41.9 ,-11.3, 0.1,N/A , N/A , N/A,122,stable,-3.8 ,-11.3, 0.1
"Haralson County, Georgia(7)",13143,Urban,40.7 ,0.5, 7.3,N/A , N/A , N/A,14,rising,3.5 ,0.5, 7.3
"Jasper County, Georgia(7)",13159,Urban,39.4 ,*,*,N/A , N/A , N/A,7,*,*,*,*
"Butts County, Georgia(7)",13035,Urban,38.7 ,2.8, 11.3,N/A , N/A , N/A,11,rising,6.1 ,2.8, 11.3
"Gilmer County, Georgia(7)",13123,Rural,37.6 ,-0.2, 5.4,N/A , N/A , N/A,18,stable,2.1 ,-0.2, 5.4
"Johnson County, Georgia(7)",13167,Rural,34.8 ,*,*,N/A , N/A , N/A,4,*,*,*,*
"Columbia County, Georgia(7)",13073,Urban,34.8 ,1.0, 7.1,N/A , N/A , N/A,60,rising,3.5 ,1.0, 7.1
"Rabun County, Georgia(7)",13241,Rural,34.4 ,*,*,N/A , N/A , N/A,9,*,*,*,*
"Walton County, Georgia(7)",13297,Urban,32.8 ,-10.0, 0.7,N/A , N/A , N/A,36,stable,-1.5 ,-10.0, 0.7
"Spalding County, Georgia(7)",13255,Urban,32.5 ,1.9, 5.3,N/A , N/A , N/A,27,rising,3.4 ,1.9, 5.3
"Carroll County, Georgia(7)",13045,Urban,32.4 ,0.9, 4.1,N/A , N/A , N/A,40,rising,2.4 ,0.9, 4.1
"Bryan County, Georgia(7)",13029,Urban,32.1 ,*,*,N/A , N/A , N/A,13,*,*,*,*
"McIntosh County, Georgia(7)",13191,Urban,32 ,*,*,N/A , N/A , N/A,6,*,*,*,*
"Lincoln County, Georgia(7)",13181,Urban,32 ,*,*,N/A , N/A , N/A,5,*,*,*,*
"Monroe County, Georgia(7)",13207,Urban,31.6 ,4.0, 12.7,N/A , N/A , N/A,11,rising,7.2 ,4.0, 12.7
"Pierce County, Georgia(7)",13229,Rural,31.3 ,5.0, 38.1,N/A , N/A , N/A,7,rising,12.4 ,5.0, 38.1
"Fayette County, Georgia(7)",13113,Urban,31.2 ,-1.1, 4.1,N/A , N/A , N/A,49,stable,1.3 ,-1.1, 4.1
"Bleckley County, Georgia(7)",13023,Rural,31 ,*,*,N/A , N/A , N/A,5,*,*,*,*
"Lamar County, Georgia(7)",13171,Rural,30 ,*,*,N/A , N/A , N/A,6,*,*,*,*
"Effingham County, Georgia(7)",13103,Urban,29.9 ,1.9, 6.2,N/A , N/A , N/A,19,rising,3.7 ,1.9, 6.2
"Chatham County, Georgia(7)",13051,Urban,29.8 ,3.7, 7.0,N/A , N/A , N/A,100,rising,5.1 ,3.7, 7.0
"Union County, Georgia(7)",13291,Rural,29.6 ,-4.1, 1.2,N/A , N/A , N/A,15,stable,-1.5 ,-4.1, 1.2
"Barrow County, Georgia(7)",13013,Urban,29.3 ,0.3, 5.9,N/A , N/A , N/A,25,rising,2.8 ,0.3, 5.9
"Houston County, Georgia(7)",13153,Urban,29.1 ,3.0, 7.1,N/A , N/A , N/A,48,rising,4.6 ,3.0, 7.1
"Jones County, Georgia(7)",13169,Urban,29 ,2.3, 11.3,N/A , N/A , N/A,10,rising,5.7 ,2.3, 11.3
"Oglethorpe County, Georgia(7)",13221,Urban,29 ,0.4, 9.8,N/A , N/A , N/A,5,rising,4.3 ,0.4, 9.8
"Stephens County, Georgia(7)",13257,Rural,28.9 ,-1.5, 6.1,N/A , N/A , N/A,11,stable,1.9 ,-1.5, 6.1
"Morgan County, Georgia(7)",13211,Urban,28.4 ,*,*,N/A , N/A , N/A,8,*,*,*,*
"Fulton County, Georgia(7)",13121,Urban,28.2 ,-0.3, 1.7,N/A , N/A , N/A,303,stable,0.8 ,-0.3, 1.7
"Thomas County, Georgia(7)",13275,Rural,28.1 ,-27.9, 0.0,N/A , N/A , N/A,16,stable,-13.7 ,-27.9, 0.0
"Banks County, Georgia(7)",13011,Rural,28 ,-21.7, -0.4,N/A , N/A , N/A,6,falling,-6.5 ,-21.7, -0.4
"Toombs County, Georgia(7)",13279,Rural,27.9 ,*,*,N/A , N/A , N/A,9,*,*,*,*
"Jackson County, Georgia(7)",13157,Rural,27.3 ,0.4, 4.9,N/A , N/A , N/A,22,rising,2.3 ,0.4, 4.9
"Bacon County, Georgia(7)",13005,Rural,26.8 ,*,*,N/A , N/A , N/A,3,*,*,*,*
"McDuffie County, Georgia(7)",13189,Urban,26.6 ,1.4, 7.4,N/A , N/A , N/A,8,rising,3.9 ,1.4, 7.4
"Dodge County, Georgia(7)",13091,Rural,26.4 ,*,*,N/A , N/A , N/A,7,*,*,*,*
"Camden County, Georgia(7)",13039,Rural,26.4 ,*,*,N/A , N/A , N/A,14,*,*,*,*
"Madison County, Georgia(7)",13195,Urban,26.2 ,-2.0, 7.9,N/A , N/A , N/A,10,stable,2.2 ,-2.0, 7.9
"Heard County, Georgia(7)",13149,Urban,26.1 ,*,*,N/A , N/A , N/A,3,*,*,*,*
"Glynn County, Georgia(7)",13127,Urban,25.9 ,0.9, 5.2,N/A , N/A , N/A,30,rising,2.8 ,0.9, 5.2
"Newton County, Georgia(7)",13217,Urban,25.7 ,-1.4, 2.9,N/A , N/A , N/A,29,stable,0.6 ,-1.4, 2.9
"Oconee County, Georgia(7)",13219,Urban,25.6 ,-23.3, 0.5,N/A , N/A , N/A,13,stable,-8.1 ,-23.3, 0.5
"Cobb County, Georgia(7)",13067,Urban,25.6 ,-9.9, -4.0,N/A , N/A , N/A,205,falling,-6.4 ,-9.9, -4.0
"Coweta County, Georgia(7)",13077,Urban,25.3 ,-0.1, 3.1,N/A , N/A , N/A,40,stable,1.4 ,-0.1, 3.1
"Henry County, Georgia(7)",13151,Urban,25.2 ,-1.3, 4.0,N/A , N/A , N/A,58,stable,1.1 ,-1.3, 4.0
"Brantley County, Georgia(7)",13025,Urban,25 ,*,*,N/A , N/A , N/A,5,*,*,*,*
"Elbert County, Georgia(7)",13105,Rural,25 ,1.0, 9.2,N/A , N/A , N/A,6,rising,4.6 ,1.0, 9.2
"Harris County, Georgia(7)",13145,Urban,24.8 ,-44.9, 1.8,N/A , N/A , N/A,11,stable,-26.1 ,-44.9, 1.8
"Crawford County, Georgia(7)",13079,Urban,24.8 ,*,*,N/A , N/A , N/A,4,*,*,*,*
"Gwinnett County, Georgia(7)",13135,Urban,24.7 ,-15.2, -1.1,N/A , N/A , N/A,221,falling,-8.7 ,-15.2, -1.1
"Worth County, Georgia(7)",13321,Urban,24.6 ,*,*,N/A , N/A , N/A,7,*,*,*,*
"Pulaski County, Georgia(7)",13235,Rural,24.2 ,*,*,N/A , N/A , N/A,4,*,*,*,*
"Baldwin County, Georgia(7)",13009,Rural,24.1 ,-1.5, 5.6,N/A , N/A , N/A,12,stable,1.7 ,-1.5, 5.6
"Wayne County, Georgia(7)",13305,Rural,24 ,1.7, 8.5,N/A , N/A , N/A,9,rising,4.6 ,1.7, 8.5
"Peach County, Georgia(7)",13225,Urban,23.9 ,1.1, 13.1,N/A , N/A , N/A,8,rising,5.8 ,1.1, 13.1
"Fannin County, Georgia(7)",13111,Rural,23.7 ,-1.1, 4.1,N/A , N/A , N/A,10,stable,1.3 ,-1.1, 4.1
"Jefferson County, Georgia(7)",13163,Rural,23.4 ,*,*,N/A , N/A , N/A,5,*,*,*,*
"Tattnall County, Georgia(7)",13267,Rural,23.2 ,*,*,N/A , N/A , N/A,7,*,*,*,*
"Lee County, Georgia(7)",13177,Urban,22.9 ,-0.7, 7.5,N/A , N/A , N/A,8,stable,2.8 ,-0.7, 7.5
"Colquitt County, Georgia(7)",13071,Rural,22.6 ,-5.5, 2.4,N/A , N/A , N/A,12,stable,-1.5 ,-5.5, 2.4
"Bartow County, Georgia(7)",13015,Urban,22.6 ,-2.4, 3.0,N/A , N/A , N/A,26,stable,0.1 ,-2.4, 3.0
"Dade County, Georgia(7)",13083,Urban,22.6 ,*,*,N/A , N/A , N/A,5,*,*,*,*
"Wilkes County, Georgia(7)",13317,Rural,22.4 ,*,*,N/A , N/A , N/A,3,*,*,*,*
"Meriwether County, Georgia(7)",13199,Urban,21.4 ,*,*,N/A , N/A , N/A,6,*,*,*,*
"Ware County, Georgia(7)",13299,Rural,21.4 ,-1.7, 4.4,N/A , N/A , N/A,9,stable,1.3 ,-1.7, 4.4
"Ben Hill County, Georgia(7)",13017,Rural,21.1 ,*,*,N/A , N/A , N/A,4,*,*,*,*
"Laurens County, Georgia(7)",13175,Rural,20.6 ,4.9, 12.0,N/A , N/A , N/A,12,rising,7.7 ,4.9, 12.0
"Liberty County, Georgia(7)",13179,Urban,20.6 ,*,*,N/A , N/A , N/A,10,*,*,*,*
"Tift County, Georgia(7)",13277,Rural,20.6 ,-1.7, 5.2,N/A , N/A , N/A,9,stable,1.5 ,-1.7, 5.2
"Putnam County, Georgia(7)",13237,Rural,20.5 ,*,*,N/A , N/A , N/A,7,*,*,*,*
"Burke County, Georgia(7)",13033,Urban,20.4 ,0.2, 7.6,N/A , N/A , N/A,6,rising,3.3 ,0.2, 7.6
"Gordon County, Georgia(7)",13129,Rural,20 ,-1.5, 3.3,N/A , N/A , N/A,13,stable,0.7 ,-1.5, 3.3
"Crisp County, Georgia(7)",13081,Rural,19.9 ,*,*,N/A , N/A , N/A,6,*,*,*,*
"Greene County, Georgia(7)",13133,Rural,19.5 ,*,*,N/A , N/A , N/A,7,*,*,*,*
"Whitfield County, Georgia(7)",13313,Urban,19.4 ,-9.1, 1.7,N/A , N/A , N/A,22,stable,-1.5 ,-9.1, 1.7
"Lowndes County, Georgia(7)",13185,Urban,19.2 ,-0.7, 3.1,N/A , N/A , N/A,21,stable,1.1 ,-0.7, 3.1
"Upson County, Georgia(7)",13293,Rural,19.1 ,-2.1, 7.1,N/A , N/A , N/A,7,stable,2.1 ,-2.1, 7.1
"Catoosa County, Georgia(7)",13047,Urban,18.9 ,-2.2, 2.5,N/A , N/A , N/A,16,stable,0.0 ,-2.2, 2.5
"Bibb County, Georgia(7)",13021,Urban,18.7 ,-16.0, -1.0,N/A , N/A , N/A,35,falling,-6.3 ,-16.0, -1.0
"Franklin County, Georgia(7)",13119,Rural,18.5 ,-1.2, 5.8,N/A , N/A , N/A,6,stable,1.9 ,-1.2, 5.8
"Coffee County, Georgia(7)",13069,Rural,18.4 ,*,*,N/A , N/A , N/A,9,*,*,*,*
"Appling County, Georgia(7)",13001,Rural,18.3 ,*,*,N/A , N/A , N/A,4,*,*,*,*
"Grady County, Georgia(7)",13131,Rural,18.1 ,-6.3, 3.6,N/A , N/A , N/A,6,stable,-1.3 ,-6.3, 3.6
"Troup County, Georgia(7)",13285,Rural,17.9 ,-2.9, 4.2,N/A , N/A , N/A,14,stable,0.6 ,-2.9, 4.2
"Douglas County, Georgia(7)",13097,Urban,17.9 ,-3.1, 0.1,N/A , N/A , N/A,25,stable,-1.6 ,-3.1, 0.1
"Paulding County, Georgia(7)",13223,Urban,17.8 ,-18.8, -4.0,N/A , N/A , N/A,29,falling,-7.0 ,-18.8, -4.0
"Hart County, Georgia(7)",13147,Rural,17.8 ,-1.4, 6.7,N/A , N/A , N/A,7,stable,2.1 ,-1.4, 6.7
"Bulloch County, Georgia(7)",13031,Rural,17.7 ,0.1, 6.3,N/A , N/A , N/A,13,rising,2.8 ,0.1, 6.3
"Brooks County, Georgia(7)",13027,Urban,17.5 ,*,*,N/A , N/A , N/A,4,*,*,*,*
"Berrien County, Georgia(7)",13019,Rural,17.3 ,*,*,N/A , N/A , N/A,4,*,*,*,*
"DeKalb County, Georgia(7)",13089,Urban,17.2 ,-16.1, -0.7,N/A , N/A , N/A,131,falling,-9.2 ,-16.1, -0.7
"Floyd County, Georgia(7)",13115,Urban,17.1 ,-1.1, 3.3,N/A , N/A , N/A,20,stable,0.9 ,-1.1, 3.3
"Murray County, Georgia(7)",13213,Urban,16.9 ,*,*,N/A , N/A , N/A,8,*,*,*,*
"Emanuel County, Georgia(7)",13107,Rural,16.9 ,*,*,N/A , N/A , N/A,4,*,*,*,*
"Sumter County, Georgia(7)",13261,Rural,16.8 ,2.4, 11.6,N/A , N/A , N/A,6,rising,6.2 ,2.4, 11.6
"Walker County, Georgia(7)",13295,Urban,16.7 ,-2.7, 2.2,N/A , N/A , N/A,14,stable,-0.3 ,-2.7, 2.2
"Polk County, Georgia(7)",13233,Rural,16.5 ,-2.9, 3.5,N/A , N/A , N/A,8,stable,0.2 ,-2.9, 3.5
"Clarke County, Georgia(7)",13059,Urban,16.3 ,-4.2, 1.8,N/A , N/A , N/A,18,stable,-0.8 ,-4.2, 1.8
"Cook County, Georgia(7)",13075,Rural,15.9 ,*,*,N/A , N/A , N/A,3,*,*,*,*
"Mitchell County, Georgia(7)",13205,Rural,15.1 ,*,*,N/A , N/A , N/A,4,*,*,*,*
"Chattooga County, Georgia(7)",13055,Rural,15 ,-3.5, 7.0,N/A , N/A , N/A,5,stable,1.5 ,-3.5, 7.0
"Rockdale County, Georgia(7)",13247,Urban,14.8 ,-3.7, 0.5,N/A , N/A , N/A,15,stable,-1.7 ,-3.7, 0.5
"Richmond County, Georgia(7)",13245,Urban,14.3 ,0.0, 3.8,N/A , N/A , N/A,32,stable,1.8 ,0.0, 3.8
"Muscogee County, Georgia(7)",13215,Urban,14.2 ,-29.9, -4.6,N/A , N/A , N/A,30,falling,-16.1 ,-29.9, -4.6
"Decatur County, Georgia(7)",13087,Rural,12.2 ,*,*,N/A , N/A , N/A,4,*,*,*,*
"Dougherty County, Georgia(7)",13095,Urban,11.9 ,-2.9, 2.4,N/A , N/A , N/A,12,stable,-0.3 ,-2.9, 2.4
"Clayton County, Georgia(7)",13063,Urban,6.5 ,-35.5, -2.8,N/A , N/A , N/A,16,falling,-21.3 ,-35.5, -2.8
"Atkinson County, Georgia(7)",13003,Rural,* ,*,*,* , * , *,3 or fewer,*,*,*,*
"Baker County, Georgia(7)",13007,Rural,* ,*,*,* , * , *,3 or fewer,*,*,*,*
"Calhoun County, Georgia(7)",13037,Rural,* ,*,*,* , * , *,3 or fewer,*,*,*,*
"Candler County, Georgia(7)",13043,Rural,* ,*,*,* , * , *,3 or fewer,*,*,*,*
"Charlton County, Georgia(7)",13049,Rural,* ,*,*,* , * , *,3 or fewer,*,*,*,*
"Chattahoochee County, Georgia(7)",13053,Urban,* ,*,*,* , * , *,3 or fewer,*,*,*,*
"Clay County, Georgia(7)",13061,Rural,* ,*,*,* , * , *,3 or fewer,*,*,*,*
"Clinch County, Georgia(7)",13065,Rural,* ,*,*,* , * , *,3 or fewer,*,*,*,*
"Dooly County, Georgia(7)",13093,Rural,* ,*,*,* , * , *,3 or fewer,*,*,*,*
"Early County, Georgia(7)",13099,Rural,* ,*,*,* , * , *,3 or fewer,*,*,*,*
"Echols County, Georgia(7)",13101,Urban,* ,*,*,* , * , *,3 or fewer,*,*,*,*
"Evans County, Georgia(7)",13109,Rural,* ,*,*,* , * , *,3 or fewer,*,*,*,*
"Glascock County, Georgia(7)",13125,Rural,* ,*,*,* , * , *,3 or fewer,*,*,*,*
"Hancock County, Georgia(7)",13141,Rural,* ,*,*,* , * , *,3 or fewer,*,*,*,*
"Irwin County, Georgia(7)",13155,Rural,* ,*,*,* , * , *,3 or fewer,*,*,*,*
"Jeff Davis County, Georgia(7)",13161,Rural,* ,*,*,* , * , *,3 or fewer,*,*,*,*
"Jenkins County, Georgia(7)",13165,Rural,* ,*,*,* , * , *,3 or fewer,*,*,*,*
"Lanier County, Georgia(7)",13173,Urban,* ,*,*,* , * , *,3 or fewer,*,*,*,*
"Long County, Georgia(7)",13183,Urban,* ,*,*,* , * , *,3 or fewer,*,*,*,*
"Macon County, Georgia(7)",13193,Rural,* ,*,*,* , * , *,3 or fewer,*,*,*,*
"Marion County, Georgia(7)",13197,Urban,* ,*,*,* , * , *,3 or fewer,*,*,*,*
"Miller County, Georgia(7)",13201,Rural,* ,*,*,* , * , *,3 or fewer,*,*,*,*
"Montgomery County, Georgia(7)",13209,Rural,* ,*,*,* , * , *,3 or fewer,*,*,*,*
"Quitman County, Georgia(7)",13239,Rural,* ,*,*,* , * , *,3 or fewer,*,*,*,*
"Randolph County, Georgia(7)",13243,Rural,* ,*,*,* , * , *,3 or fewer,*,*,*,*
"Schley County, Georgia(7)",13249,Rural,* ,*,*,* , * , *,3 or fewer,*,*,*,*
"Screven County, Georgia(7)",13251,Rural,* ,*,*,* , * , *,3 or fewer,*,*,*,*
"Seminole County, Georgia(7)",13253,Rural,* ,*,*,* , * , *,3 or fewer,*,*,*,*
"Stewart County, Georgia(7)",13259,Urban,* ,*,*,* , * , *,3 or fewer,*,*,*,*
"Talbot County, Georgia(7)",13263,Urban,* ,*,*,* , * , *,3 or fewer,*,*,*,*
"Taliaferro County, Georgia(7)",13265,Rural,* ,*,*,* , * , *,3 or fewer,*,*,*,*
"Taylor County, Georgia(7)",13269,Rural,* ,*,*,* , * , *,3 or fewer,*,*,*,*
"Telfair County, Georgia(7)",13271,Rural,* ,*,*,* , * , *,3 or fewer,*,*,*,*
"Terrell County, Georgia(7)",13273,Urban,* ,*,*,* , * , *,3 or fewer,*,*,*,*
"Treutlen County, Georgia(7)",13283,Rural,* ,*,*,* , * , *,3 or fewer,*,*,*,*
"Turner County, Georgia(7)",13287,Rural,* ,*,*,* , * , *,3 or fewer,*,*,*,*
"Twiggs County, Georgia(7)",13289,Urban,* ,*,*,* , * , *,3 or fewer,*,*,*,*
"Warren County, Georgia(7)",13301,Rural,* ,*,*,* , * , *,3 or fewer,*,*,*,*
"Webster County, Georgia(7)",13307,Rural,* ,*,*,* , * , *,3 or fewer,*,*,*,*
"Wheeler County, Georgia(7)",13309,Rural,* ,*,*,* , * , *,3 or fewer,*,*,*,*
"Wilcox County, Georgia(7)",13315,Rural,* ,*,*,* , * , *,3 or fewer,*,*,*,*
"Wilkinson County, Georgia(7)",13319,Rural,* ,*,*,* , * , *,3 or fewer,*,*,*,*
"Hancock County, Maine(6)",23009,Rural,38.2 ,0.2, 4.9,N/A , N/A , N/A,28,rising,2.4 ,0.2, 4.9
"Penobscot County, Maine(6)",23019,Urban,32.4 ,1.5, 6.6,N/A , N/A , N/A,64,rising,3.8 ,1.5, 6.6
"Sagadahoc County, Maine(6)",23023,Urban,31.2 ,-1.6, 6.7,N/A , N/A , N/A,17,stable,2.2 ,-1.6, 6.7
"Waldo County, Maine(6)",23027,Rural,30.1 ,-0.9, 31.3,N/A , N/A , N/A,17,stable,9.8 ,-0.9, 31.3
"Cumberland County, Maine(6)",23005,Urban,29.9 ,-0.6, 2.1,N/A , N/A , N/A,119,stable,0.7 ,-0.6, 2.1
"York County, Maine(6)",23031,Urban,29 ,-0.8, 1.8,N/A , N/A , N/A,86,stable,0.4 ,-0.8, 1.8
"Somerset County, Maine(6)",23025,Rural,28.3 ,1.0, 6.7,N/A , N/A , N/A,19,rising,3.6 ,1.0, 6.7
"Knox County, Maine(6)",23013,Rural,27.9 ,-3.0, 4.4,N/A , N/A , N/A,17,stable,0.6 ,-3.0, 4.4
"Kennebec County, Maine(6)",23011,Rural,26 ,0.1, 4.7,N/A , N/A , N/A,44,rising,2.2 ,0.1, 4.7
"Lincoln County, Maine(6)",23015,Rural,23.8 ,-0.4, 4.7,N/A , N/A , N/A,15,stable,2.0 ,-0.4, 4.7
"Piscataquis County, Maine(6)",23021,Rural,22.5 ,-0.7, 11.7,N/A , N/A , N/A,6,stable,4.6 ,-0.7, 11.7
"Aroostook County, Maine(6)",23003,Rural,19.4 ,0.0, 5.8,N/A , N/A , N/A,17,stable,2.8 ,0.0, 5.8
"Franklin County, Maine(6)",23007,Rural,17.7 ,-4.6, 6.0,N/A , N/A , N/A,8,stable,0.3 ,-4.6, 6.0
"Oxford County, Maine(6)",23017,Rural,14.2 ,-33.6, -0.1,N/A , N/A , N/A,13,falling,-5.9 ,-33.6, -0.1
"Androscoggin County, Maine(6)",23001,Urban,13.5 ,-5.1, 0.2,N/A , N/A , N/A,19,stable,-2.4 ,-5.1, 0.2
"Worcester County, Maryland(6)",24047,Rural,52.9 ,-0.3, 12.5,N/A , N/A , N/A,47,stable,3.4 ,-0.3, 12.5
"Queen Annes County, Maryland(6)",24035,Urban,46.9 ,-1.0, 4.6,N/A , N/A , N/A,31,stable,1.5 ,-1.0, 4.6
"Kent County, Maryland(6)",24029,Rural,41.7 ,-2.5, 10.2,N/A , N/A , N/A,12,stable,3.2 ,-2.5, 10.2
"Carroll County, Maryland(6)",24013,Urban,41.4 ,-15.1, 2.5,N/A , N/A , N/A,88,stable,-6.3 ,-15.1, 2.5
"Calvert County, Maryland(6)",24009,Urban,41.1 ,-0.9, 4.0,N/A , N/A , N/A,45,stable,1.3 ,-0.9, 4.0
"Harford County, Maryland(6)",24025,Urban,39.6 ,1.7, 3.6,N/A , N/A , N/A,126,rising,2.6 ,1.7, 3.6
"Talbot County, Maryland(6)",24041,Rural,37.5 ,-20.4, -3.7,N/A , N/A , N/A,27,falling,-10.2 ,-20.4, -3.7
"Anne Arundel County, Maryland(6)",24003,Urban,36.3 ,0.4, 2.9,N/A , N/A , N/A,244,rising,1.6 ,0.4, 2.9
"Cecil County, Maryland(6)",24015,Urban,35 ,1.6, 5.3,N/A , N/A , N/A,43,rising,3.2 ,1.6, 5.3
"Somerset County, Maryland(6)",24039,Urban,29.9 ,-2.1, 5.4,N/A , N/A , N/A,9,stable,1.5 ,-2.1, 5.4
"Allegany County, Maryland(6)",24001,Rural,29.8 ,-0.1, 9.2,N/A , N/A , N/A,27,stable,4.0 ,-0.1, 9.2
"Frederick County, Maryland(6)",24021,Urban,29.8 ,2.0, 11.2,N/A , N/A , N/A,93,rising,4.3 ,2.0, 11.2
"Howard County, Maryland(6)",24027,Urban,28.8 ,-1.5, 2.4,N/A , N/A , N/A,109,stable,0.4 ,-1.5, 2.4
"Baltimore County, Maryland(6)",24005,Urban,28.8 ,0.8, 2.6,N/A , N/A , N/A,309,rising,1.7 ,0.8, 2.6
"Wicomico County, Maryland(6)",24045,Urban,28.8 ,-2.4, 2.1,N/A , N/A , N/A,34,stable,-0.2 ,-2.4, 2.1
"Garrett County, Maryland(6)",24023,Rural,28.5 ,1.6, 8.1,N/A , N/A , N/A,12,rising,4.4 ,1.6, 8.1
"St. Marys County, Maryland(6)",24037,Urban,24.2 ,-3.0, 2.3,N/A , N/A , N/A,29,stable,-0.4 ,-3.0, 2.3
"Dorchester County, Maryland(6)",24019,Rural,23 ,-3.0, 4.0,N/A , N/A , N/A,11,stable,0.3 ,-3.0, 4.0
"Caroline County, Maryland(6)",24011,Rural,20.8 ,-2.3, 3.6,N/A , N/A , N/A,9,stable,0.5 ,-2.3, 3.6
"Montgomery County, Maryland(6)",24031,Urban,20.5 ,-0.3, 1.8,N/A , N/A , N/A,262,stable,0.7 ,-0.3, 1.8
"Charles County, Maryland(6)",24017,Urban,15.3 ,-2.8, 4.9,N/A , N/A , N/A,29,stable,0.7 ,-2.8, 4.9
"Baltimore City, Maryland(6)",24510,Urban,10.9 ,0.7, 3.5,N/A , N/A , N/A,72,rising,2.0 ,0.7, 3.5
"Prince Georges County, Maryland(6)",24033,Urban,5.6 ,-3.8, -1.1,N/A , N/A , N/A,57,falling,-2.5 ,-3.8, -1.1
"Dukes County, Massachusetts(7)",25007,Rural,26.9 ,-30.8, -1.9,N/A , N/A , N/A,9,falling,-12.4 ,-30.8, -1.9
"Barnstable County, Massachusetts(7)",25001,Urban,26.5 ,-28.0, -7.2,N/A , N/A , N/A,111,falling,-18.1 ,-28.0, -7.2
"Plymouth County, Massachusetts(7)",25023,Urban,22.7 ,-26.6, -6.4,N/A , N/A , N/A,157,falling,-16.6 ,-26.6, -6.4
"Norfolk County, Massachusetts(7)",25021,Urban,22.3 ,-30.6, -9.4,N/A , N/A , N/A,199,falling,-20.3 ,-30.6, -9.4
"Nantucket County, Massachusetts(7)",25019,Rural,21 ,-56.2, -8.8,N/A , N/A , N/A,4,falling,-17.5 ,-56.2, -8.8
"Worcester County, Massachusetts(7)",25027,Urban,20 ,-16.8, -4.8,N/A , N/A , N/A,205,falling,-8.9 ,-16.8, -4.8
"Berkshire County, Massachusetts(7)",25003,Urban,19.6 ,-4.5, 0.3,N/A , N/A , N/A,36,stable,-1.9 ,-4.5, 0.3
"Essex County, Massachusetts(7)",25009,Urban,18.7 ,-31.1, -1.6,N/A , N/A , N/A,191,falling,-15.7 ,-31.1, -1.6
"Middlesex County, Massachusetts(7)",25017,Urban,15.9 ,-27.0, -3.6,N/A , N/A , N/A,305,falling,-15.6 ,-27.0, -3.6
"Hampshire County, Massachusetts(7)",25015,Urban,15.5 ,-2.8, 0.4,N/A , N/A , N/A,30,stable,-1.2 ,-2.8, 0.4
"Franklin County, Massachusetts(7)",25011,Rural,15.3 ,-2.2, 3.1,N/A , N/A , N/A,17,stable,0.3 ,-2.2, 3.1
"Suffolk County, Massachusetts(7)",25025,Urban,13.3 ,-3.7, -1.3,N/A , N/A , N/A,106,falling,-2.3 ,-3.7, -1.3
"Bristol County, Massachusetts(7)",25005,Urban,12.2 ,-31.5, -9.1,N/A , N/A , N/A,89,falling,-21.0 ,-31.5, -9.1
"Hampden County, Massachusetts(7)",25013,Urban,11.5 ,-13.4, -1.9,N/A , N/A , N/A,68,falling,-4.0 ,-13.4, -1.9
"Belknap County, New Hampshire(6)",33001,Rural,39.2 ,-0.6, 5.4,N/A , N/A , N/A,37,stable,2.1 ,-0.6, 5.4
"Grafton County, New Hampshire(6)",33009,Rural,38.3 ,-2.7, 2.4,N/A , N/A , N/A,51,stable,-0.3 ,-2.7, 2.4
"Cheshire County, New Hampshire(6)",33005,Rural,36.2 ,0.0, 4.5,N/A , N/A , N/A,38,stable,2.0 ,0.0, 4.5
"Sullivan County, New Hampshire(6)",33019,Rural,34.4 ,-1.2, 3.3,N/A , N/A , N/A,22,stable,1.0 ,-1.2, 3.3
"Merrimack County, New Hampshire(6)",33013,Rural,34 ,-8.5, 8.8,N/A , N/A , N/A,71,stable,1.2 ,-8.5, 8.8
"Rockingham County, New Hampshire(6)",33015,Urban,30.5 ,-1.2, 2.2,N/A , N/A , N/A,129,stable,0.4 ,-1.2, 2.2
"Coos County, New Hampshire(6)",33007,Rural,27.2 ,-2.4, 2.2,N/A , N/A , N/A,15,stable,-0.2 ,-2.4, 2.2
"Carroll County, New Hampshire(6)",33003,Rural,26.8 ,-3.5, 1.7,N/A , N/A , N/A,26,stable,-1.0 ,-3.5, 1.7
"Hillsborough County, New Hampshire(6)",33011,Urban,24.7 ,-1.1, 1.0,N/A , N/A , N/A,127,stable,-0.1 ,-1.1, 1.0
"Strafford County, New Hampshire(6)",33017,Urban,22.7 ,-1.6, 4.5,N/A , N/A , N/A,34,stable,1.2 ,-1.6, 4.5
"Cape May County, New Jersey(7)",34009,Urban,51.9 ,-9.6, 3.6,N/A , N/A , N/A,85,stable,1.9 ,-9.6, 3.6
"Hunterdon County, New Jersey(7)",34019,Urban,32.2 ,-13.4, 1.1,N/A , N/A , N/A,58,stable,-1.3 ,-13.4, 1.1
"Monmouth County, New Jersey(7)",34025,Urban,31.1 ,-0.1, 2.3,N/A , N/A , N/A,265,stable,1.1 ,-0.1, 2.3
"Ocean County, New Jersey(7)",34029,Urban,30.5 ,-1.9, 0.3,N/A , N/A , N/A,275,stable,-0.6 ,-1.9, 0.3
"Sussex County, New Jersey(7)",34037,Urban,28.7 ,-9.9, 3.4,N/A , N/A , N/A,54,stable,0.4 ,-9.9, 3.4
"Gloucester County, New Jersey(7)",34015,Urban,28.1 ,-0.3, 1.7,N/A , N/A , N/A,101,stable,0.8 ,-0.3, 1.7
"Burlington County, New Jersey(7)",34005,Urban,26.6 ,-0.2, 1.4,N/A , N/A , N/A,157,stable,0.6 ,-0.2, 1.4
"Warren County, New Jersey(7)",34041,Urban,26.2 ,-1.0, 2.1,N/A , N/A , N/A,39,stable,0.5 ,-1.0, 2.1
"Atlantic County, New Jersey(7)",34001,Urban,25.6 ,-0.2, 2.2,N/A , N/A , N/A,95,stable,1.0 ,-0.2, 2.2
"Morris County, New Jersey(7)",34027,Urban,25.2 ,-0.6, 0.8,N/A , N/A , N/A,168,stable,0.1 ,-0.6, 0.8
"Salem County, New Jersey(7)",34033,Urban,24.6 ,-8.2, 2.3,N/A , N/A , N/A,21,stable,-0.9 ,-8.2, 2.3
"Somerset County, New Jersey(7)",34035,Urban,23.5 ,-0.8, 0.8,N/A , N/A , N/A,101,stable,0.0 ,-0.8, 0.8
"Camden County, New Jersey(7)",34007,Urban,22.9 ,-1.0, 1.3,N/A , N/A , N/A,142,stable,0.4 ,-1.0, 1.3
"Mercer County, New Jersey(7)",34021,Urban,21.8 ,-0.8, 1.4,N/A , N/A , N/A,100,stable,0.3 ,-0.8, 1.4
"Bergen County, New Jersey(7)",34003,Urban,16.1 ,-2.2, -0.8,N/A , N/A , N/A,198,falling,-1.5 ,-2.2, -0.8
"Cumberland County, New Jersey(7)",34011,Urban,15.7 ,-1.3, 3.6,N/A , N/A , N/A,28,stable,1.0 ,-1.3, 3.6
"Union County, New Jersey(7)",34039,Urban,14.9 ,-0.9, 1.3,N/A , N/A , N/A,98,stable,0.2 ,-0.9, 1.3
"Middlesex County, New Jersey(7)",34023,Urban,14.6 ,-14.9, -0.2,N/A , N/A , N/A,148,falling,-3.9 ,-14.9, -0.2
"Passaic County, New Jersey(7)",34031,Urban,11.8 ,-1.9, 0.6,N/A , N/A , N/A,71,stable,-0.7 ,-1.9, 0.6
"Essex County, New Jersey(7)",34013,Urban,10.7 ,-1.5, 0.2,N/A , N/A , N/A,100,stable,-0.7 ,-1.5, 0.2
"Hudson County, New Jersey(7)",34017,Urban,7.1 ,-2.5, 0.2,N/A , N/A , N/A,52,stable,-1.1 ,-2.5, 0.2
"Warren County, New York(7)",36113,Urban,35.4 ,4.0, 15.1,N/A , N/A , N/A,32,rising,7.5 ,4.0, 15.1
"Tioga County, New York(7)",36107,Urban,33.1 ,-0.7, 7.1,N/A , N/A , N/A,22,stable,2.9 ,-0.7, 7.1
"Ontario County, New York(7)",36069,Urban,32.9 ,-1.2, 3.8,N/A , N/A , N/A,50,stable,1.9 ,-1.2, 3.8
"Yates County, New York(7)",36123,Rural,31.2 ,-0.1, 7.7,N/A , N/A , N/A,11,stable,3.3 ,-0.1, 7.7
"Cortland County, New York(7)",36023,Rural,31.1 ,3.2, 12.2,N/A , N/A , N/A,17,rising,6.8 ,3.2, 12.2
"Wayne County, New York(7)",36117,Urban,30.8 ,3.8, 7.4,N/A , N/A , N/A,36,rising,5.4 ,3.8, 7.4
"Genesee County, New York(7)",36037,Rural,29.6 ,1.0, 7.2,N/A , N/A , N/A,23,rising,3.7 ,1.0, 7.2
"Erie County, New York(7)",36029,Urban,28.5 ,-1.0, 2.4,N/A , N/A , N/A,348,stable,1.0 ,-1.0, 2.4
"Cattaraugus County, New York(7)",36009,Rural,28.4 ,-0.3, 4.9,N/A , N/A , N/A,28,stable,2.2 ,-0.3, 4.9
"Chautauqua County, New York(7)",36013,Rural,28.4 ,1.5, 4.3,N/A , N/A , N/A,47,rising,2.8 ,1.5, 4.3
"Jefferson County, New York(7)",36045,Urban,28.2 ,-26.6, 4.6,N/A , N/A , N/A,34,stable,-11.3 ,-26.6, 4.6
"Allegany County, New York(7)",36003,Rural,27.6 ,-0.7, 5.2,N/A , N/A , N/A,15,stable,2.0 ,-0.7, 5.2
"Monroe County, New York(7)",36055,Urban,27.3 ,-0.9, 3.4,N/A , N/A , N/A,248,stable,1.6 ,-0.9, 3.4
"Livingston County, New York(7)",36051,Urban,27.2 ,-1.8, 3.2,N/A , N/A , N/A,22,stable,1.1 ,-1.8, 3.2
"Steuben County, New York(7)",36101,Rural,27 ,0.1, 2.9,N/A , N/A , N/A,32,rising,1.4 ,0.1, 2.9
"Niagara County, New York(7)",36063,Urban,26.8 ,-14.1, 3.7,N/A , N/A , N/A,74,stable,-3.7 ,-14.1, 3.7
"Otsego County, New York(7)",36077,Rural,26.4 ,-0.4, 6.2,N/A , N/A , N/A,20,stable,2.6 ,-0.4, 6.2
"Tompkins County, New York(7)",36109,Urban,26.1 ,-1.6, 3.4,N/A , N/A , N/A,28,stable,0.8 ,-1.6, 3.4
"Cayuga County, New York(7)",36011,Rural,25.9 ,-27.1, 3.5,N/A , N/A , N/A,26,stable,-4.0 ,-27.1, 3.5
"Putnam County, New York(7)",36079,Urban,25.8 ,-0.6, 3.7,N/A , N/A , N/A,33,stable,1.4 ,-0.6, 3.7
"Seneca County, New York(7)",36099,Rural,25.8 ,0.2, 6.8,N/A , N/A , N/A,12,rising,3.2 ,0.2, 6.8
"Suffolk County, New York(7)",36103,Urban,25.4 ,-2.3, 1.4,N/A , N/A , N/A,496,stable,0.1 ,-2.3, 1.4
"Herkimer County, New York(7)",36043,Urban,25.3 ,2.5, 7.8,N/A , N/A , N/A,21,rising,4.9 ,2.5, 7.8
"Saratoga County, New York(7)",36091,Urban,25.2 ,-5.1, 2.5,N/A , N/A , N/A,77,stable,0.1 ,-5.1, 2.5
"Essex County, New York(7)",36031,Rural,24.8 ,-2.4, 4.4,N/A , N/A , N/A,15,stable,0.8 ,-2.4, 4.4
"Chenango County, New York(7)",36017,Rural,24.8 ,0.1, 6.4,N/A , N/A , N/A,16,rising,3.0 ,0.1, 6.4
"Broome County, New York(7)",36007,Urban,24.5 ,1.6, 4.3,N/A , N/A , N/A,64,rising,2.9 ,1.6, 4.3
"Albany County, New York(7)",36001,Urban,24.3 ,3.5, 6.0,N/A , N/A , N/A,94,rising,4.6 ,3.5, 6.0
"Orleans County, New York(7)",36073,Urban,24 ,-40.0, 4.7,N/A , N/A , N/A,13,stable,-13.6 ,-40.0, 4.7
"Schuyler County, New York(7)",36097,Rural,23.9 ,0.0, 7.7,N/A , N/A , N/A,7,stable,3.4 ,0.0, 7.7
"Madison County, New York(7)",36053,Urban,23.6 ,-0.7, 4.5,N/A , N/A , N/A,21,stable,1.8 ,-0.7, 4.5
"Chemung County, New York(7)",36015,Urban,23.1 ,-0.5, 3.9,N/A , N/A , N/A,25,stable,1.6 ,-0.5, 3.9
"Clinton County, New York(7)",36019,Rural,23 ,1.6, 6.9,N/A , N/A , N/A,22,rising,3.9 ,1.6, 6.9
"St. Lawrence County, New York(7)",36089,Rural,22.7 ,-1.2, 3.3,N/A , N/A , N/A,30,stable,1.0 ,-1.2, 3.3
"Rensselaer County, New York(7)",36083,Urban,21.6 ,-14.5, 6.2,N/A , N/A , N/A,44,stable,1.3 ,-14.5, 6.2
"Nassau County, New York(7)",36059,Urban,21.3 ,-3.7, -0.4,N/A , N/A , N/A,389,falling,-1.5 ,-3.7, -0.4
"Greene County, New York(7)",36039,Rural,20.9 ,-1.2, 2.8,N/A , N/A , N/A,15,stable,0.7 ,-1.2, 2.8
"Onondaga County, New York(7)",36067,Urban,20.4 ,-5.7, 2.6,N/A , N/A , N/A,117,stable,1.0 ,-5.7, 2.6
"Rockland County, New York(7)",36087,Urban,20.2 ,2.9, 14.9,N/A , N/A , N/A,77,rising,7.9 ,2.9, 14.9
"Schoharie County, New York(7)",36095,Urban,20.1 ,-2.7, 7.5,N/A , N/A , N/A,9,stable,2.0 ,-2.7, 7.5
"Montgomery County, New York(7)",36057,Rural,19.9 ,-1.1, 4.1,N/A , N/A , N/A,13,stable,1.4 ,-1.1, 4.1
"Lewis County, New York(7)",36049,Rural,19.5 ,-1.2, 6.0,N/A , N/A , N/A,6,stable,2.2 ,-1.2, 6.0
"Oneida County, New York(7)",36065,Urban,19.4 ,0.3, 2.9,N/A , N/A , N/A,59,rising,1.5 ,0.3, 2.9
"Franklin County, New York(7)",36033,Rural,19.1 ,-4.4, 3.2,N/A , N/A , N/A,12,stable,-0.6 ,-4.4, 3.2
"Fulton County, New York(7)",36035,Rural,19 ,1.0, 5.8,N/A , N/A , N/A,14,rising,3.2 ,1.0, 5.8
"Oswego County, New York(7)",36075,Urban,18.7 ,0.7, 3.9,N/A , N/A , N/A,26,rising,2.2 ,0.7, 3.9
"Ulster County, New York(7)",36111,Urban,18.2 ,-0.6, 2.6,N/A , N/A , N/A,46,stable,0.9 ,-0.6, 2.6
"Schenectady County, New York(7)",36093,Urban,17.9 ,-0.8, 21.2,N/A , N/A , N/A,35,stable,12.0 ,-0.8, 21.2
"Orange County, New York(7)",36071,Urban,17.9 ,1.2, 4.4,N/A , N/A , N/A,78,rising,2.6 ,1.2, 4.4
"Columbia County, New York(7)",36021,Rural,17.7 ,-1.4, 4.0,N/A , N/A , N/A,18,stable,1.1 ,-1.4, 4.0
"Westchester County, New York(7)",36119,Urban,17.2 ,-12.3, -0.6,N/A , N/A , N/A,222,falling,-4.0 ,-12.3, -0.6
"Sullivan County, New York(7)",36105,Rural,16.5 ,-19.8, 1.3,N/A , N/A , N/A,17,stable,-2.9 ,-19.8, 1.3
"New York County, New York(7)",36061,Urban,16.3 ,-4.3, -0.5,N/A , N/A , N/A,335,falling,-2.0 ,-4.3, -0.5
"Dutchess County, New York(7)",36027,Urban,16.1 ,-16.6, -0.9,N/A , N/A , N/A,64,falling,-5.9 ,-16.6, -0.9
"Richmond County, New York(7)",36085,Urban,14 ,-10.7, -1.8,N/A , N/A , N/A,86,falling,-4.8 ,-10.7, -1.8
"Kings County, New York(7)",36047,Urban,7.9 ,-2.3, -0.8,N/A , N/A , N/A,229,falling,-1.5 ,-2.3, -0.8
"Queens County, New York(7)",36081,Urban,6.9 ,-3.8, -1.6,N/A , N/A , N/A,199,falling,-2.6 ,-3.8, -1.6
"Bronx County, New York(7)",36005,Urban,3.6 ,-21.5, 1.9,N/A , N/A , N/A,54,stable,-2.1 ,-21.5, 1.9
"Hamilton County, New York(7)",36041,Rural,* ,*,*,* , * , *,3 or fewer,*,*,*,*
"Watauga County, North Carolina(6)",37189,Rural,43.1 ,2.8, 7.9,N/A , N/A , N/A,25,rising,5.1 ,2.8, 7.9
"Dare County, North Carolina(6)",37055,Rural,42.9 ,1.9, 9.0,N/A , N/A , N/A,22,rising,4.9 ,1.9, 9.0
"Avery County, North Carolina(6)",37011,Rural,42 ,1.0, 11.1,N/A , N/A , N/A,11,rising,5.2 ,1.0, 11.1
"Alexander County, North Carolina(6)",37003,Urban,41.2 ,0.9, 8.5,N/A , N/A , N/A,20,rising,4.2 ,0.9, 8.5
"Moore County, North Carolina(6)",37125,Urban,40.9 ,0.6, 3.9,N/A , N/A , N/A,62,rising,2.1 ,0.6, 3.9
"Ashe County, North Carolina(6)",37009,Rural,40.8 ,*,*,N/A , N/A , N/A,15,*,*,*,*
"Madison County, North Carolina(6)",37115,Urban,40.2 ,*,*,N/A , N/A , N/A,12,*,*,*,*
"Brunswick County, North Carolina(6)",37019,Urban,39.4 ,5.9, 13.2,N/A , N/A , N/A,99,rising,8.0 ,5.9, 13.2
"Carteret County, North Carolina(6)",37031,Rural,39.2 ,-1.1, 5.1,N/A , N/A , N/A,41,stable,1.8 ,-1.1, 5.1
"Iredell County, North Carolina(6)",37097,Urban,38.1 ,-2.1, 5.7,N/A , N/A , N/A,83,stable,3.6 ,-2.1, 5.7
"Macon County, North Carolina(6)",37113,Rural,37.5 ,1.2, 6.5,N/A , N/A , N/A,22,rising,3.5 ,1.2, 6.5
"Catawba County, North Carolina(6)",37035,Urban,37.1 ,1.8, 6.3,N/A , N/A , N/A,76,rising,3.8 ,1.8, 6.3
"Davie County, North Carolina(6)",37059,Urban,36.1 ,-2.9, 3.0,N/A , N/A , N/A,21,stable,-0.1 ,-2.9, 3.0
"Lincoln County, North Carolina(6)",37109,Urban,36 ,1.7, 7.1,N/A , N/A , N/A,39,rising,4.0 ,1.7, 7.1
"Jackson County, North Carolina(6)",37099,Rural,35.5 ,1.6, 7.8,N/A , N/A , N/A,19,rising,4.3 ,1.6, 7.8
"Stanly County, North Carolina(6)",37167,Rural,34.4 ,-14.4, 6.5,N/A , N/A , N/A,28,stable,0.7 ,-14.4, 6.5
"Chatham County, North Carolina(6)",37037,Urban,34 ,-2.1, 3.4,N/A , N/A , N/A,40,stable,0.5 ,-2.1, 3.4
"Burke County, North Carolina(6)",37023,Urban,33.9 ,2.0, 5.4,N/A , N/A , N/A,41,rising,3.5 ,2.0, 5.4
"Person County, North Carolina(6)",37145,Urban,33.2 ,-12.7, 4.5,N/A , N/A , N/A,17,stable,0.0 ,-12.7, 4.5
"Polk County, North Carolina(6)",37149,Rural,33.2 ,*,*,N/A , N/A , N/A,11,*,*,*,*
"New Hanover County, North Carolina(6)",37129,Urban,32.9 ,2.9, 7.8,N/A , N/A , N/A,91,rising,5.0 ,2.9, 7.8
"Caldwell County, North Carolina(6)",37027,Urban,32.2 ,1.0, 4.9,N/A , N/A , N/A,36,rising,2.8 ,1.0, 4.9
"Henderson County, North Carolina(6)",37089,Urban,31.9 ,-1.4, 4.2,N/A , N/A , N/A,60,stable,1.2 ,-1.4, 4.2
"McDowell County, North Carolina(6)",37111,Rural,31.3 ,-2.3, 6.1,N/A , N/A , N/A,18,stable,1.6 ,-2.3, 6.1
"Rutherford County, North Carolina(6)",37161,Rural,31.1 ,0.3, 7.3,N/A , N/A , N/A,27,rising,3.5 ,0.3, 7.3
"Buncombe County, North Carolina(6)",37021,Urban,31.1 ,0.9, 4.8,N/A , N/A , N/A,112,rising,2.7 ,0.9, 4.8
"Union County, North Carolina(6)",37179,Urban,30.7 ,2.1, 6.0,N/A , N/A , N/A,77,rising,3.8 ,2.1, 6.0
"Transylvania County, North Carolina(6)",37175,Rural,30.5 ,-0.6, 5.8,N/A , N/A , N/A,18,stable,2.3 ,-0.6, 5.8
"Cleveland County, North Carolina(6)",37045,Rural,30.3 ,2.4, 8.1,N/A , N/A , N/A,37,rising,4.9 ,2.4, 8.1
"Gaston County, North Carolina(6)",37071,Urban,30.2 ,3.7, 7.8,N/A , N/A , N/A,82,rising,5.5 ,3.7, 7.8
"Randolph County, North Carolina(6)",37151,Urban,30 ,-9.0, 2.5,N/A , N/A , N/A,55,stable,0.1 ,-9.0, 2.5
"Yancey County, North Carolina(6)",37199,Rural,29.7 ,-4.5, 8.7,N/A , N/A , N/A,8,stable,1.5 ,-4.5, 8.7
"Orange County, North Carolina(6)",37135,Urban,29.7 ,-6.7, 2.5,N/A , N/A , N/A,48,stable,0.5 ,-6.7, 2.5
"Davidson County, North Carolina(6)",37057,Urban,29.4 ,-3.1, 12.0,N/A , N/A , N/A,63,stable,3.0 ,-3.1, 12.0
"Haywood County, North Carolina(6)",37087,Rural,28.8 ,-1.9, 3.0,N/A , N/A , N/A,28,stable,0.4 ,-1.9, 3.0
"Mitchell County, North Carolina(6)",37121,Rural,28.6 ,1.0, 8.8,N/A , N/A , N/A,6,rising,4.4 ,1.0, 8.8
"Cherokee County, North Carolina(6)",37039,Rural,28.3 ,-4.6, 6.3,N/A , N/A , N/A,13,stable,0.5 ,-4.6, 6.3
"Guilford County, North Carolina(6)",37081,Urban,28.1 ,-3.8, 1.9,N/A , N/A , N/A,173,stable,0.3 ,-3.8, 1.9
"Wilkes County, North Carolina(6)",37193,Rural,27.4 ,0.6, 5.0,N/A , N/A , N/A,25,rising,2.7 ,0.6, 5.0
"Montgomery County, North Carolina(6)",37123,Rural,27 ,0.9, 13.6,N/A , N/A , N/A,10,rising,6.2 ,0.9, 13.6
"Surry County, North Carolina(6)",37171,Rural,27 ,-28.2, 3.0,N/A , N/A , N/A,27,stable,-11.4 ,-28.2, 3.0
"Columbus County, North Carolina(6)",37047,Rural,26.8 ,2.4, 36.4,N/A , N/A , N/A,18,rising,17.6 ,2.4, 36.4
"Cabarrus County, North Carolina(6)",37025,Urban,26.3 ,-0.3, 3.4,N/A , N/A , N/A,61,stable,1.4 ,-0.3, 3.4
"Pender County, North Carolina(6)",37141,Urban,26.3 ,-0.2, 7.3,N/A , N/A , N/A,21,stable,3.0 ,-0.2, 7.3
"Johnston County, North Carolina(6)",37101,Urban,26.3 ,2.5, 6.8,N/A , N/A , N/A,58,rising,4.3 ,2.5, 6.8
"Wake County, North Carolina(6)",37183,Urban,26.2 ,-8.1, 1.6,N/A , N/A , N/A,291,stable,-1.4 ,-8.1, 1.6
"Alamance County, North Carolina(6)",37001,Urban,26.1 ,-1.4, 2.8,N/A , N/A , N/A,55,stable,0.5 ,-1.4, 2.8
"Stokes County, North Carolina(6)",37169,Urban,26.1 ,-3.1, 3.7,N/A , N/A , N/A,17,stable,0.2 ,-3.1, 3.7
"Rowan County, North Carolina(6)",37159,Urban,25.9 ,-3.7, 2.7,N/A , N/A , N/A,47,stable,0.2 ,-3.7, 2.7
"Pasquotank County, North Carolina(6)",37139,Rural,25.7 ,-2.3, 7.8,N/A , N/A , N/A,12,stable,2.4 ,-2.3, 7.8
"Mecklenburg County, North Carolina(6)",37119,Urban,25.6 ,0.5, 11.4,N/A , N/A , N/A,271,rising,4.8 ,0.5, 11.4
"Onslow County, North Carolina(6)",37133,Urban,25.5 ,0.8, 6.2,N/A , N/A , N/A,39,rising,3.2 ,0.8, 6.2
"Pamlico County, North Carolina(6)",37137,Rural,25.5 ,-3.0, 8.8,N/A , N/A , N/A,6,stable,2.3 ,-3.0, 8.8
"Camden County, North Carolina(6)",37029,Urban,24.8 ,*,*,N/A , N/A , N/A,3,*,*,*,*
"Yadkin County, North Carolina(6)",37197,Urban,23.7 ,-2.4, 2.6,N/A , N/A , N/A,12,stable,0.1 ,-2.4, 2.6
"Craven County, North Carolina(6)",37049,Rural,23.3 ,-1.3, 2.6,N/A , N/A , N/A,30,stable,0.6 ,-1.3, 2.6
"Durham County, North Carolina(6)",37063,Urban,23 ,1.8, 5.2,N/A , N/A , N/A,78,rising,3.3 ,1.8, 5.2
"Franklin County, North Carolina(6)",37069,Urban,22 ,2.1, 8.2,N/A , N/A , N/A,18,rising,4.7 ,2.1, 8.2
"Granville County, North Carolina(6)",37077,Rural,21.7 ,-0.2, 5.0,N/A , N/A , N/A,17,stable,2.1 ,-0.2, 5.0
"Lenoir County, North Carolina(6)",37107,Rural,21.7 ,-0.2, 4.8,N/A , N/A , N/A,17,stable,2.1 ,-0.2, 4.8
"Swain County, North Carolina(6)",37173,Rural,21.6 ,*,*,N/A , N/A , N/A,4,*,*,*,*
"Forsyth County, North Carolina(6)",37067,Urban,21.6 ,-8.7, -0.8,N/A , N/A , N/A,96,falling,-3.1 ,-8.7, -0.8
"Rockingham County, North Carolina(6)",37157,Urban,21.5 ,-4.6, 23.6,N/A , N/A , N/A,28,stable,11.1 ,-4.6, 23.6
"Vance County, North Carolina(6)",37181,Rural,21.2 ,3.1, 8.3,N/A , N/A , N/A,12,rising,5.3 ,3.1, 8.3
"Caswell County, North Carolina(6)",37033,Rural,21 ,2.2, 7.7,N/A , N/A , N/A,7,rising,4.6 ,2.2, 7.7
"Wayne County, North Carolina(6)",37191,Urban,20.5 ,2.7, 7.3,N/A , N/A , N/A,28,rising,4.8 ,2.7, 7.3
"Sampson County, North Carolina(6)",37163,Rural,20.3 ,0.6, 7.0,N/A , N/A , N/A,14,rising,3.5 ,0.6, 7.0
"Currituck County, North Carolina(6)",37053,Urban,19.9 ,-4.3, 2.8,N/A , N/A , N/A,7,stable,-0.9 ,-4.3, 2.8
"Chowan County, North Carolina(6)",37041,Rural,19.6 ,-3.3, 5.9,N/A , N/A , N/A,5,stable,1.1 ,-3.3, 5.9
"Harnett County, North Carolina(6)",37085,Rural,19.5 ,-2.3, 3.6,N/A , N/A , N/A,27,stable,0.5 ,-2.3, 3.6
"Wilson County, North Carolina(6)",37195,Rural,19.3 ,-2.2, 7.6,N/A , N/A , N/A,19,stable,2.4 ,-2.2, 7.6
"Lee County, North Carolina(6)",37105,Rural,19.1 ,-2.7, 2.1,N/A , N/A , N/A,14,stable,-0.4 ,-2.7, 2.1
"Duplin County, North Carolina(6)",37061,Rural,18.7 ,-0.7, 6.5,N/A , N/A , N/A,12,stable,2.6 ,-0.7, 6.5
"Anson County, North Carolina(6)",37007,Urban,18.4 ,1.4, 11.3,N/A , N/A , N/A,5,rising,5.7 ,1.4, 11.3
"Beaufort County, North Carolina(6)",37013,Rural,18.3 ,-5.9, 1.0,N/A , N/A , N/A,13,stable,-2.4 ,-5.9, 1.0
"Nash County, North Carolina(6)",37127,Urban,18.1 ,-2.0, 3.1,N/A , N/A , N/A,23,stable,0.4 ,-2.0, 3.1
"Bladen County, North Carolina(6)",37017,Rural,17.7 ,-0.7, 6.6,N/A , N/A , N/A,7,stable,2.6 ,-0.7, 6.6
"Clay County, North Carolina(6)",37043,Rural,17.5 ,*,*,N/A , N/A , N/A,4,*,*,*,*
"Alleghany County, North Carolina(6)",37005,Rural,17.4 ,-6.0, 8.7,N/A , N/A , N/A,3,stable,0.6 ,-6.0, 8.7
"Richmond County, North Carolina(6)",37153,Rural,16.7 ,-0.1, 8.4,N/A , N/A , N/A,10,stable,3.7 ,-0.1, 8.4
"Cumberland County, North Carolina(6)",37051,Urban,16.7 ,-6.6, 1.3,N/A , N/A , N/A,52,stable,-0.3 ,-6.6, 1.3
"Hoke County, North Carolina(6)",37093,Urban,16 ,-0.6, 7.6,N/A , N/A , N/A,7,stable,2.9 ,-0.6, 7.6
"Martin County, North Carolina(6)",37117,Rural,15.3 ,-8.3, 1.8,N/A , N/A , N/A,5,stable,-3.2 ,-8.3, 1.8
"Perquimans County, North Carolina(6)",37143,Rural,14.8 ,-9.5, 2.3,N/A , N/A , N/A,4,stable,-3.8 ,-9.5, 2.3
"Pitt County, North Carolina(6)",37147,Urban,14.7 ,-1.8, 2.3,N/A , N/A , N/A,26,stable,0.1 ,-1.8, 2.3
"Halifax County, North Carolina(6)",37083,Rural,14 ,-2.0, 3.6,N/A , N/A , N/A,10,stable,0.7 ,-2.0, 3.6
"Edgecombe County, North Carolina(6)",37065,Urban,13.9 ,-1.6, 9.1,N/A , N/A , N/A,9,stable,3.3 ,-1.6, 9.1
"Scotland County, North Carolina(6)",37165,Rural,13.4 ,-17.6, -0.7,N/A , N/A , N/A,6,falling,-4.6 ,-17.6, -0.7
"Greene County, North Carolina(6)",37079,Rural,13.3 ,-4.1, 6.8,N/A , N/A , N/A,3,stable,1.2 ,-4.1, 6.8
"Robeson County, North Carolina(6)",37155,Rural,13.1 ,1.5, 6.6,N/A , N/A , N/A,17,rising,3.8 ,1.5, 6.6
"Warren County, North Carolina(6)",37185,Rural,13.1 ,-3.7, 9.7,N/A , N/A , N/A,4,stable,2.4 ,-3.7, 9.7
"Northampton County, North Carolina(6)",37131,Rural,10.8 ,-4.0, 9.2,N/A , N/A , N/A,4,stable,1.9 ,-4.0, 9.2
"Bertie County, North Carolina(6)",37015,Rural,* ,*,*,* , * , *,3 or fewer,*,*,*,*
"Gates County, North Carolina(6)",37073,Urban,* ,*,*,* , * , *,3 or fewer,*,*,*,*
"Graham County, North Carolina(6)",37075,Rural,* ,*,*,* , * , *,3 or fewer,*,*,*,*
"Hertford County, North Carolina(6)",37091,Rural,* ,*,*,* , * , *,3 or fewer,*,*,*,*
"Hyde County, North Carolina(6)",37095,Rural,* ,*,*,* , * , *,3 or fewer,*,*,*,*
"Jones County, North Carolina(6)",37103,Rural,* ,*,*,* , * , *,3 or fewer,*,*,*,*
"Tyrrell County, North Carolina(6)",37177,Rural,* ,*,*,* , * , *,3 or fewer,*,*,*,*
"Newport County, Rhode Island(6)",44005,Urban,34.8 ,-0.7, 4.2,N/A , N/A , N/A,46,stable,1.6 ,-0.7, 4.2
"Bristol County, Rhode Island(6)",44001,Urban,26.3 ,-2.7, 2.3,N/A , N/A , N/A,17,stable,-0.2 ,-2.7, 2.3
"Kent County, Rhode Island(6)",44003,Urban,17.8 ,-18.3, -5.1,N/A , N/A , N/A,41,falling,-9.4 ,-18.3, -5.1
"Providence County, Rhode Island(6)",44007,Urban,14.9 ,-2.2, 0.1,N/A , N/A , N/A,114,stable,-1.0 ,-2.2, 0.1
"Greenville County, South Carolina(6)",45045,Urban,44.2 ,1.7, 3.8,N/A , N/A , N/A,270,rising,2.7 ,1.7, 3.8
"Pickens County, South Carolina(6)",45077,Urban,38.1 ,-1.1, 4.8,N/A , N/A , N/A,57,stable,1.6 ,-1.1, 4.8
"Cherokee County, South Carolina(6)",45021,Rural,30.3 ,-40.6, -13.3,N/A , N/A , N/A,20,falling,-26.2 ,-40.6, -13.3
"Spartanburg County, South Carolina(6)",45083,Urban,29.1 ,-1.3, 4.4,N/A , N/A , N/A,112,stable,1.3 ,-1.3, 4.4
"Oconee County, South Carolina(6)",45073,Rural,27.8 ,-2.1, 3.3,N/A , N/A , N/A,32,stable,0.5 ,-2.1, 3.3
"Georgetown County, South Carolina(6)",45043,Rural,26.4 ,-2.0, 2.2,N/A , N/A , N/A,29,stable,0.0 ,-2.0, 2.2
"Charleston County, South Carolina(6)",45019,Urban,26.2 ,-1.0, 1.7,N/A , N/A , N/A,127,stable,0.3 ,-1.0, 1.7
"Horry County, South Carolina(6)",45051,Urban,25.5 ,-3.0, 1.4,N/A , N/A , N/A,138,stable,-0.9 ,-3.0, 1.4
"Union County, South Carolina(6)",45087,Urban,25.4 ,-24.5, 10.7,N/A , N/A , N/A,10,stable,-5.4 ,-24.5, 10.7
"York County, South Carolina(6)",45091,Urban,24 ,-0.8, 3.1,N/A , N/A , N/A,73,stable,1.0 ,-0.8, 3.1
"Dorchester County, South Carolina(6)",45035,Urban,24 ,-1.7, 1.7,N/A , N/A , N/A,42,stable,-0.1 ,-1.7, 1.7
"Anderson County, South Carolina(6)",45007,Urban,23 ,-1.2, 3.7,N/A , N/A , N/A,56,stable,1.1 ,-1.2, 3.7
"Laurens County, South Carolina(6)",45059,Urban,22.9 ,-1.0, 2.7,N/A , N/A , N/A,20,stable,0.8 ,-1.0, 2.7
"Berkeley County, South Carolina(6)",45015,Urban,22.2 ,-0.2, 3.3,N/A , N/A , N/A,54,stable,1.4 ,-0.2, 3.3
"Lancaster County, South Carolina(6)",45057,Urban,22 ,-23.4, 0.1,N/A , N/A , N/A,28,stable,-7.9 ,-23.4, 0.1
"McCormick County, South Carolina(6)",45065,Rural,20.3 ,-1.6, 10.5,N/A , N/A , N/A,4,stable,3.7 ,-1.6, 10.5
"Newberry County, South Carolina(6)",45071,Rural,20 ,-4.2, 6.6,N/A , N/A , N/A,10,stable,0.8 ,-4.2, 6.6
"Beaufort County, South Carolina(6)",45013,Urban,20 ,-12.9, -4.7,N/A , N/A , N/A,64,falling,-7.3 ,-12.9, -4.7
"Greenwood County, South Carolina(6)",45047,Rural,19.3 ,-4.1, 2.4,N/A , N/A , N/A,17,stable,-0.9 ,-4.1, 2.4
"Lexington County, South Carolina(6)",45063,Urban,18.6 ,-22.7, -0.7,N/A , N/A , N/A,65,falling,-11.9 ,-22.7, -0.7
"Colleton County, South Carolina(6)",45029,Rural,18.4 ,-3.3, 5.2,N/A , N/A , N/A,9,stable,0.9 ,-3.3, 5.2
"Clarendon County, South Carolina(6)",45027,Rural,18.3 ,-4.1, 4.8,N/A , N/A , N/A,8,stable,0.3 ,-4.1, 4.8
"Kershaw County, South Carolina(6)",45055,Urban,17.2 ,-1.4, 6.7,N/A , N/A , N/A,15,stable,0.7 ,-1.4, 6.7
"Saluda County, South Carolina(6)",45081,Urban,16.8 ,-66.4, 0.9,N/A , N/A , N/A,5,stable,-36.0 ,-66.4, 0.9
"Chester County, South Carolina(6)",45023,Urban,15.6 ,-2.2, 8.8,N/A , N/A , N/A,7,stable,2.8 ,-2.2, 8.8
"Aiken County, South Carolina(6)",45003,Urban,12.9 ,-4.4, -0.1,N/A , N/A , N/A,30,falling,-2.3 ,-4.4, -0.1
"Marion County, South Carolina(6)",45067,Rural,12.2 ,-2.7, 26.0,N/A , N/A , N/A,5,stable,4.1 ,-2.7, 26.0
"Barnwell County, South Carolina(6)",45011,Rural,11.9 ,-9.9, 3.2,N/A , N/A , N/A,3,stable,-3.1 ,-9.9, 3.2
"Sumter County, South Carolina(6)",45085,Urban,11.9 ,-4.7, 0.7,N/A , N/A , N/A,15,stable,-2.0 ,-4.7, 0.7
"Abbeville County, South Carolina(6)",45001,Rural,11.6 ,*,*,N/A , N/A , N/A,4,*,*,*,*
"Edgefield County, South Carolina(6)",45037,Urban,11 ,-6.8, 5.2,N/A , N/A , N/A,4,stable,-0.9 ,-6.8, 5.2
"Jasper County, South Carolina(6)",45053,Urban,10.6 ,-3.1, 7.5,N/A , N/A , N/A,4,stable,1.5 ,-3.1, 7.5
"Richland County, South Carolina(6)",45079,Urban,10.5 ,-2.1, 0.2,N/A , N/A , N/A,44,stable,-1.0 ,-2.1, 0.2
"Darlington County, South Carolina(6)",45031,Urban,9.2 ,-5.9, 3.1,N/A , N/A , N/A,8,stable,-1.4 ,-5.9, 3.1
"Florence County, South Carolina(6)",45041,Urban,7.9 ,-7.1, -2.8,N/A , N/A , N/A,13,falling,-4.8 ,-7.1, -2.8
"Orangeburg County, South Carolina(6)",45075,Rural,7.8 ,-5.3, 0.8,N/A , N/A , N/A,9,stable,-2.2 ,-5.3, 0.8
"Williamsburg County, South Carolina(6)",45089,Rural,7.7 ,-6.4, 4.1,N/A , N/A , N/A,4,stable,-1.3 ,-6.4, 4.1
"Chesterfield County, South Carolina(6)",45025,Rural,7.1 ,*,*,N/A , N/A , N/A,3,*,*,*,*
"Allendale County, South Carolina(6)",45005,Rural,* ,*,*,* , * , *,3 or fewer,*,*,*,*
"Bamberg County, South Carolina(6)",45009,Rural,* ,*,*,* , * , *,3 or fewer,*,*,*,*
"Calhoun County, South Carolina(6)",45017,Urban,* ,*,*,* , * , *,3 or fewer,*,*,*,*
"Dillon County, South Carolina(6)",45033,Rural,* ,*,*,* , * , *,3 or fewer,*,*,*,*
"Fairfield County, South Carolina(6)",45039,Urban,* ,*,*,* , * , *,3 or fewer,*,*,*,*
"Hampton County, South Carolina(6)",45049,Rural,* ,*,*,* , * , *,3 or fewer,*,*,*,*
"Lee County, South Carolina(6)",45061,Rural,* ,*,*,* , * , *,3 or fewer,*,*,*,*
"Marlboro County, South Carolina(6)",45069,Rural,* ,*,*,* , * , *,3 or fewer,*,*,*,*
"Mathews County, Virginia(6)",51115,Urban,68.1 ,*,*,N/A , N/A , N/A,9,*,*,*,*
"Williamsburg City, Virginia(6)",51830,Urban,63 ,1.1, 12.3,N/A , N/A , N/A,11,rising,5.5 ,1.1, 12.3
"James City County, Virginia(6)",51095,Urban,59.8 ,-19.1, -0.8,N/A , N/A , N/A,74,falling,-9.3 ,-19.1, -0.8
"Lexington City, Virginia(6)",51678,Rural,59.8 ,*,*,N/A , N/A , N/A,4,*,*,*,*
"Lancaster County, Virginia(6)",51103,Rural,53 ,3.3, 14.6,N/A , N/A , N/A,9,rising,8.3 ,3.3, 14.6
"Poquoson City, Virginia(6)",51735,Urban,47.6 ,-21.2, 5.0,N/A , N/A , N/A,8,stable,0.4 ,-21.2, 5.0
"Botetourt County, Virginia(6)",51023,Urban,43.3 ,0.2, 7.2,N/A , N/A , N/A,21,rising,3.2 ,0.2, 7.2
"Virginia Beach City, Virginia(6)",51810,Urban,41.6 ,1.8, 5.2,N/A , N/A , N/A,210,rising,3.3 ,1.8, 5.2
"Middlesex County, Virginia(6)",51119,Rural,41 ,*,*,N/A , N/A , N/A,9,*,*,*,*
"Northumberland County, Virginia(6)",51133,Rural,40.5 ,0.1, 10.1,N/A , N/A , N/A,9,rising,4.5 ,0.1, 10.1
"New Kent County, Virginia(6)",51127,Urban,40.3 ,-0.2, 8.7,N/A , N/A , N/A,12,stable,3.3 ,-0.2, 8.7
"Isle of Wight County, Virginia(6)",51093,Urban,40.2 ,0.2, 4.8,N/A , N/A , N/A,20,rising,2.3 ,0.2, 4.8
"Northampton County, Virginia(6)",51131,Rural,39.9 ,5.6, 26.3,N/A , N/A , N/A,8,rising,12.0 ,5.6, 26.3
"Gloucester County, Virginia(6)",51073,Urban,39.8 ,2.5, 8.0,N/A , N/A , N/A,22,rising,4.8 ,2.5, 8.0
"York County, Virginia(6)",51199,Urban,39.6 ,-0.4, 6.0,N/A , N/A , N/A,33,stable,2.4 ,-0.4, 6.0
"Goochland County, Virginia(6)",51075,Urban,37.6 ,-1.7, 7.3,N/A , N/A , N/A,14,stable,2.3 ,-1.7, 7.3
"Rockingham County, Virginia(6)",51165,Urban,34.5 ,0.8, 5.4,N/A , N/A , N/A,37,rising,2.9 ,0.8, 5.4
"Suffolk City, Virginia(6)",51800,Urban,34.3 ,1.7, 5.6,N/A , N/A , N/A,36,rising,3.4 ,1.7, 5.6
"Franklin City, Virginia(6)",51620,Rural,33.7 ,*,*,N/A , N/A , N/A,4,*,*,*,*
"Rappahannock County, Virginia(6)",51157,Urban,33.4 ,*,*,N/A , N/A , N/A,3,*,*,*,*
"Colonial Heights City, Virginia(6)",51570,Urban,31.8 ,-1.0, 5.5,N/A , N/A , N/A,7,stable,2.0 ,-1.0, 5.5
"Roanoke County, Virginia(6)",51161,Urban,31.6 ,-32.2, 1.2,N/A , N/A , N/A,41,stable,-9.3 ,-32.2, 1.2
"Southampton County, Virginia(6)",51175,Rural,31.6 ,-3.3, 5.2,N/A , N/A , N/A,9,stable,0.6 ,-3.3, 5.2
"Floyd County, Virginia(6)",51063,Urban,31.5 ,*,*,N/A , N/A , N/A,7,*,*,*,*
"Giles County, Virginia(6)",51071,Urban,31 ,-0.2, 7.3,N/A , N/A , N/A,7,stable,3.3 ,-0.2, 7.3
"Rockbridge County, Virginia(6)",51163,Rural,30.3 ,-0.3, 11.1,N/A , N/A , N/A,10,stable,4.8 ,-0.3, 11.1
"King George County, Virginia(6)",51099,Rural,30.1 ,0.8, 8.3,N/A , N/A , N/A,9,rising,3.9 ,0.8, 8.3
"Franklin County, Virginia(6)",51067,Urban,30 ,-0.2, 5.7,N/A , N/A , N/A,26,stable,2.5 ,-0.2, 5.7
"Chesapeake City, Virginia(6)",51550,Urban,29.4 ,1.8, 6.3,N/A , N/A , N/A,79,rising,3.8 ,1.8, 6.3
"Powhatan County, Virginia(6)",51145,Urban,29.3 ,-1.4, 5.3,N/A , N/A , N/A,12,stable,1.6 ,-1.4, 5.3
"Orange County, Virginia(6)",51137,Rural,28.8 ,-2.8, 5.4,N/A , N/A , N/A,14,stable,1.1 ,-2.8, 5.4
"Hanover County, Virginia(6)",51085,Urban,28.5 ,-1.8, 3.6,N/A , N/A , N/A,40,stable,0.8 ,-1.8, 3.6
"Augusta County, Virginia(6)",51015,Urban,28.5 ,-21.2, -1.5,N/A , N/A , N/A,31,falling,-8.3 ,-21.2, -1.5
"King William County, Virginia(6)",51101,Urban,28.3 ,*,*,N/A , N/A , N/A,6,*,*,*,*
"Greene County, Virginia(6)",51079,Urban,28.2 ,-4.2, 2.8,N/A , N/A , N/A,7,stable,-0.8 ,-4.2, 2.8
"Bedford City and County, Virginia(6)",51917,Urban,27.9 ,-3.4, 4.7,N/A , N/A , N/A,32,stable,0.5 ,-3.4, 4.7
"Albemarle County, Virginia(6)",51003,Urban,27.5 ,-2.3, 1.3,N/A , N/A , N/A,40,stable,-0.6 ,-2.3, 1.3
"Shenandoah County, Virginia(6)",51171,Rural,27 ,0.3, 10.9,N/A , N/A , N/A,17,rising,4.9 ,0.3, 10.9
"Alleghany County and Clifton Forge City, Virginia(6)",51005,Rural,27 ,-0.7, 9.1,N/A , N/A , N/A,7,stable,3.4 ,-0.7, 9.1
"Wythe County, Virginia(6)",51197,Rural,26.6 ,-6.6, 2.0,N/A , N/A , N/A,11,stable,-2.3 ,-6.6, 2.0
"Salem City, Virginia(6)",51775,Urban,26.2 ,0.4, 9.1,N/A , N/A , N/A,9,rising,4.2 ,0.4, 9.1
"Page County, Virginia(6)",51139,Rural,25.9 ,-2.2, 8.7,N/A , N/A , N/A,9,stable,3.0 ,-2.2, 8.7
"Nelson County, Virginia(6)",51125,Urban,25.7 ,-5.7, 1.0,N/A , N/A , N/A,6,stable,-2.2 ,-5.7, 1.0
"Mecklenburg County, Virginia(6)",51117,Rural,25.4 ,*,*,N/A , N/A , N/A,11,*,*,*,*
"Montgomery County, Virginia(6)",51121,Urban,25.3 ,-3.2, 5.2,N/A , N/A , N/A,24,stable,0.8 ,-3.2, 5.2
"Waynesboro City, Virginia(6)",51820,Urban,25.2 ,-0.7, 9.4,N/A , N/A , N/A,7,stable,3.9 ,-0.7, 9.4
"Fluvanna County, Virginia(6)",51065,Urban,24.2 ,-4.5, 2.9,N/A , N/A , N/A,9,stable,-0.9 ,-4.5, 2.9
"Richmond County, Virginia(6)",51159,Rural,24.1 ,*,*,N/A , N/A , N/A,3,*,*,*,*
"Nottoway County, Virginia(6)",51135,Rural,24 ,*,*,N/A , N/A , N/A,5,*,*,*,*
"Essex County, Virginia(6)",51057,Rural,24 ,*,*,N/A , N/A , N/A,3,*,*,*,*
"Louisa County, Virginia(6)",51109,Rural,23 ,-7.0, 2.9,N/A , N/A , N/A,11,stable,-2.2 ,-7.0, 2.9
"Culpeper County, Virginia(6)",51047,Urban,22.6 ,-4.0, 5.1,N/A , N/A , N/A,14,stable,0.2 ,-4.0, 5.1
"Fredericksburg City, Virginia(6)",51630,Urban,22.4 ,-4.4, 4.1,N/A , N/A , N/A,6,stable,-0.3 ,-4.4, 4.1
"Portsmouth City, Virginia(6)",51740,Urban,22.3 ,2.4, 8.6,N/A , N/A , N/A,24,rising,5.2 ,2.4, 8.6
"Buckingham County, Virginia(6)",51029,Rural,22.1 ,*,*,N/A , N/A , N/A,4,*,*,*,*
"Madison County, Virginia(6)",51113,Rural,21.8 ,-3.0, 9.7,N/A , N/A , N/A,4,stable,2.6 ,-3.0, 9.7
"Spotsylvania County, Virginia(6)",51177,Urban,21.8 ,0.1, 15.0,N/A , N/A , N/A,34,rising,3.8 ,0.1, 15.0
"Henrico County, Virginia(6)",51087,Urban,21.7 ,-15.2, 1.2,N/A , N/A , N/A,86,stable,-1.2 ,-15.2, 1.2
"Chesterfield County, Virginia(6)",51041,Urban,21.6 ,-2.3, 1.0,N/A , N/A , N/A,90,stable,-0.7 ,-2.3, 1.0
"Roanoke City, Virginia(6)",51770,Urban,21.5 ,-0.1, 8.0,N/A , N/A , N/A,26,stable,3.6 ,-0.1, 8.0
"Prince George County, Virginia(6)",51149,Urban,21.2 ,-3.8, 5.6,N/A , N/A , N/A,9,stable,0.4 ,-3.8, 5.6
"Carroll County, Virginia(6)",51035,Rural,21 ,-4.7, 3.6,N/A , N/A , N/A,9,stable,-0.6 ,-4.7, 3.6
"Norfolk City, Virginia(6)",51710,Urban,20.9 ,0.1, 5.2,N/A , N/A , N/A,49,rising,2.5 ,0.1, 5.2
"Staunton City, Virginia(6)",51790,Urban,20.8 ,-3.7, 8.1,N/A , N/A , N/A,7,stable,1.5 ,-3.7, 8.1
"Appomattox County, Virginia(6)",51011,Urban,20.7 ,*,*,N/A , N/A , N/A,5,*,*,*,*
"Accomack County, Virginia(6)",51001,Rural,20.6 ,-4.3, 2.2,N/A , N/A , N/A,12,stable,-1.1 ,-4.3, 2.2
"Charlottesville City, Virginia(6)",51540,Urban,20.5 ,-5.0, 3.7,N/A , N/A , N/A,8,stable,-0.7 ,-5.0, 3.7
"Campbell County, Virginia(6)",51031,Urban,20.3 ,-2.7, 4.6,N/A , N/A , N/A,16,stable,0.8 ,-2.7, 4.6
"Amherst County, Virginia(6)",51009,Urban,20.3 ,4.0, 19.6,N/A , N/A , N/A,9,rising,9.3 ,4.0, 19.6
"Frederick County, Virginia(6)",51069,Urban,19.6 ,-4.0, 1.8,N/A , N/A , N/A,23,stable,-1.3 ,-4.0, 1.8
"Westmoreland County, Virginia(6)",51193,Rural,19.6 ,-1.5, 7.8,N/A , N/A , N/A,7,stable,2.4 ,-1.5, 7.8
"Newport News City, Virginia(6)",51700,Urban,19.3 ,-2.5, 3.4,N/A , N/A , N/A,36,stable,0.4 ,-2.5, 3.4
"Grayson County, Virginia(6)",51077,Rural,19.2 ,-14.5, -4.1,N/A , N/A , N/A,5,falling,-8.1 ,-14.5, -4.1
"Harrisonburg City, Virginia(6)",51660,Urban,18.9 ,-2.6, 3.2,N/A , N/A , N/A,8,stable,0.1 ,-2.6, 3.2
"Henry County, Virginia(6)",51089,Rural,18.8 ,-2.1, 4.5,N/A , N/A , N/A,13,stable,1.2 ,-2.1, 4.5
"Clarke County, Virginia(6)",51043,Urban,18.5 ,*,*,N/A , N/A , N/A,4,*,*,*,*
"Tazewell County, Virginia(6)",51185,Rural,18.5 ,-3.0, 3.1,N/A , N/A , N/A,10,stable,0.0 ,-3.0, 3.1
"Hampton City, Virginia(6)",51650,Urban,17.8 ,-2.7, 2.0,N/A , N/A , N/A,29,stable,-0.3 ,-2.7, 2.0
"Winchester City, Virginia(6)",51840,Urban,17.7 ,-4.6, 3.5,N/A , N/A , N/A,6,stable,-0.6 ,-4.6, 3.5
"Lynchburg City, Virginia(6)",51680,Urban,17.4 ,-3.2, 3.7,N/A , N/A , N/A,14,stable,0.2 ,-3.2, 3.7
"Richmond City, Virginia(6)",51760,Urban,17.3 ,-0.7, 3.9,N/A , N/A , N/A,42,stable,1.5 ,-0.7, 3.9
"Prince Edward County, Virginia(6)",51147,Rural,17 ,*,*,N/A , N/A , N/A,3,*,*,*,*
"Pittsylvania County, Virginia(6)",51143,Rural,15.8 ,-4.2, 0.2,N/A , N/A , N/A,14,stable,-1.9 ,-4.2, 0.2
"Halifax County with South Boston City, Virginia(6)",51083,Rural,15.7 ,-3.5, 5.8,N/A , N/A , N/A,8,stable,0.8 ,-3.5, 5.8
"Warren County, Virginia(6)",51187,Urban,15.4 ,-6.6, 2.8,N/A , N/A , N/A,7,stable,-1.9 ,-6.6, 2.8
"Caroline County, Virginia(6)",51033,Rural,15.3 ,*,*,N/A , N/A , N/A,6,*,*,*,*
"Pulaski County, Virginia(6)",51155,Urban,15.2 ,-32.5, -4.2,N/A , N/A , N/A,8,falling,-8.5 ,-32.5, -4.2
"Stafford County, Virginia(6)",51179,Urban,15.1 ,-2.4, 0.9,N/A , N/A , N/A,22,stable,-0.9 ,-2.4, 0.9
"Patrick County, Virginia(6)",51141,Rural,14.9 ,*,*,N/A , N/A , N/A,5,*,*,*,*
"Fauquier County, Virginia(6)",51061,Urban,14.7 ,-7.5, 1.2,N/A , N/A , N/A,14,stable,-3.0 ,-7.5, 1.2
"Buchanan County, Virginia(6)",51027,Rural,14.3 ,*,*,N/A , N/A , N/A,4,*,*,*,*
"Brunswick County, Virginia(6)",51025,Rural,13.5 ,-1.8, 7.2,N/A , N/A , N/A,4,stable,2.3 ,-1.8, 7.2
"Dinwiddie County, Virginia(6)",51053,Urban,13.3 ,-8.5, 1.2,N/A , N/A , N/A,5,stable,-3.5 ,-8.5, 1.2
"Smyth County, Virginia(6)",51173,Rural,13.3 ,*,*,N/A , N/A , N/A,5,*,*,*,*
"Hopewell City, Virginia(6)",51670,Urban,13.2 ,-2.7, 5.7,N/A , N/A , N/A,3,stable,1.3 ,-2.7, 5.7
"Loudoun County, Virginia(6)",51107,Urban,12.5 ,-5.3, 22.0,N/A , N/A , N/A,47,stable,7.1 ,-5.3, 22.0
"Alexandria City, Virginia(6)",51510,Urban,10.9 ,-6.1, 0.3,N/A , N/A , N/A,17,stable,-2.8 ,-6.1, 0.3
"Fairfax County, Virginia(6)",51059,Urban,10.7 ,-4.4, -1.5,N/A , N/A , N/A,136,falling,-3.0 ,-4.4, -1.5
"Arlington County, Virginia(6)",51013,Urban,9.9 ,-6.9, -0.8,N/A , N/A , N/A,22,falling,-3.8 ,-6.9, -0.8
"Manassas City, Virginia(6)",51683,Urban,9.7 ,-12.4, 0.7,N/A , N/A , N/A,3,stable,-5.6 ,-12.4, 0.7
"Wise County, Virginia(6)",51195,Rural,8.4 ,-10.2, 3.7,N/A , N/A , N/A,4,stable,-2.6 ,-10.2, 3.7
"Danville City, Virginia(6)",51590,Rural,8.4 ,*,*,N/A , N/A , N/A,5,*,*,*,*
"Prince William County, Virginia(6)",51153,Urban,7.8 ,-8.2, -3.8,N/A , N/A , N/A,34,falling,-5.9 ,-8.2, -3.8
"Russell County, Virginia(6)",51167,Rural,7.5 ,*,*,N/A , N/A , N/A,3,*,*,*,*
"Amelia County, Virginia(6)",51007,Urban,* ,*,*,* , * , *,3 or fewer,*,*,*,*
"Bath County, Virginia(6)",51017,Rural,* ,*,*,* , * , *,3 or fewer,*,*,*,*
"Bland County, Virginia(6)",51021,Rural,* ,*,*,* , * , *,3 or fewer,*,*,*,*
"Bristol City, Virginia(6)",51520,Urban,* ,*,*,* , * , *,3 or fewer,*,*,*,*
"Buena Vista City, Virginia(6)",51530,Rural,* ,*,*,* , * , *,3 or fewer,*,*,*,*
"Charles City County, Virginia(6)",51036,Urban,* ,*,*,* , * , *,3 or fewer,*,*,*,*
"Charlotte County, Virginia(6)",51037,Rural,* ,*,*,* , * , *,3 or fewer,*,*,*,*
"Covington City, Virginia(6)",51580,Rural,* ,*,*,* , * , *,3 or fewer,*,*,*,*
"Craig County, Virginia(6)",51045,Urban,* ,*,*,* , * , *,3 or fewer,*,*,*,*
"Cumberland County, Virginia(6)",51049,Rural,* ,*,*,* , * , *,3 or fewer,*,*,*,*
"Dickenson County, Virginia(6)",51051,Rural,* ,*,*,* , * , *,3 or fewer,*,*,*,*
"Emporia City, Virginia(6)",51595,Rural,* ,*,*,* , * , *,3 or fewer,*,*,*,*
"Fairfax City, Virginia(6)",51600,Urban,* ,*,*,* , * , *,3 or fewer,*,*,*,*
"Falls Church City, Virginia(6)",51610,Urban,* ,*,*,* , * , *,3 or fewer,*,*,*,*
"Galax City, Virginia(6)",51640,Rural,* ,*,*,* , * , *,3 or fewer,*,*,*,*
"Greensville County, Virginia(6)",51081,Rural,* ,*,*,* , * , *,3 or fewer,*,*,*,*
"Highland County, Virginia(6)",51091,Rural,* ,*,*,* , * , *,3 or fewer,*,*,*,*
"King and Queen County, Virginia(6)",51097,Urban,* ,*,*,* , * , *,3 or fewer,*,*,*,*
"Lee County, Virginia(6)",51105,Rural,* ,*,*,* , * , *,3 or fewer,*,*,*,*
"Lunenburg County, Virginia(6)",51111,Rural,* ,*,*,* , * , *,3 or fewer,*,*,*,*
"Manassas Park City, Virginia(6)",51685,Urban,* ,*,*,* , * , *,3 or fewer,*,*,*,*
"Martinsville City, Virginia(6)",51690,Rural,* ,*,*,* , * , *,3 or fewer,*,*,*,*
"Norton City, Virginia(6)",51720,Rural,* ,*,*,* , * , *,3 or fewer,*,*,*,*
"Petersburg City, Virginia(6)",51730,Urban,* ,*,*,* , * , *,3 or fewer,*,*,*,*
"Radford City, Virginia(6)",51750,Urban,* ,*,*,* , * , *,3 or fewer,*,*,*,*
"Scott County, Virginia(6)",51169,Urban,* ,*,*,* , * , *,3 or fewer,*,*,*,*
"Surry County, Virginia(6)",51181,Urban,* ,*,*,* , * , *,3 or fewer,*,*,*,*
"Sussex County, Virginia(6)",51183,Urban,* ,*,*,* , * , *,3 or fewer,*,*,*,*
